-- phpMyAdmin SQL Dump
-- version 5.2.0
-- https://www.phpmyadmin.net/
--
-- Servidor: 127.0.0.1
-- Tiempo de generación: 25-10-2022 a las 03:49:08
-- Versión del servidor: 10.4.25-MariaDB
-- Versión de PHP: 8.1.10

SET SQL_MODE = "NO_AUTO_VALUE_ON_ZERO";
START TRANSACTION;
SET time_zone = "+00:00";


/*!40101 SET @OLD_CHARACTER_SET_CLIENT=@@CHARACTER_SET_CLIENT */;
/*!40101 SET @OLD_CHARACTER_SET_RESULTS=@@CHARACTER_SET_RESULTS */;
/*!40101 SET @OLD_COLLATION_CONNECTION=@@COLLATION_CONNECTION */;
/*!40101 SET NAMES utf8mb4 */;

--
-- Base de datos: `ropaurbana`
--

-- --------------------------------------------------------

--
-- Estructura de tabla para la tabla `compra`
--

CREATE TABLE `compra` (
  `id` int(11) NOT NULL,
  `id_trade` varchar(20) NOT NULL,
  `date` datetime NOT NULL,
  `status` varchar(20) NOT NULL,
  `email` varchar(50) NOT NULL,
  `id_cliente` varchar(20) NOT NULL,
  `total` decimal(10,2) NOT NULL
) ENGINE=InnoDB DEFAULT CHARSET=utf8mb4;

--
-- Volcado de datos para la tabla `compra`
--

INSERT INTO `compra` (`id`, `id_trade`, `date`, `status`, `email`, `id_cliente`, `total`) VALUES
(1, '02V85762JJ128593V', '2022-11-26 20:59:10', 'COMPLETED', 'sb-djoa4722275366@personal.example.com', '9P5NNHXANBGM2', '1827.00'),
(2, '7K284985DH030231U', '2022-11-26 21:03:11', 'COMPLETED', 'sb-djoa4722275366@personal.example.com', '9P5NNHXANBGM2', '1827.00'),
(3, '7XF14316251382630', '2022-11-26 21:08:45', 'COMPLETED', 'sb-djoa4722275366@personal.example.com', '9P5NNHXANBGM2', '228.00'),
(4, '2ST959587P283753N', '2022-11-26 21:26:10', 'COMPLETED', 'sb-djoa4722275366@personal.example.com', '9P5NNHXANBGM2', '476.00'),
(5, '1E961088617253209', '2022-11-26 21:28:06', 'COMPLETED', 'sb-djoa4722275366@personal.example.com', '9P5NNHXANBGM2', '218.00'),
(6, '5VB19093CM122052F', '2022-11-26 21:30:16', 'COMPLETED', 'sb-djoa4722275366@personal.example.com', '9P5NNHXANBGM2', '358.00'),
(7, '5VR161211J1969448', '2022-11-26 21:39:52', 'COMPLETED', 'sb-djoa4722275366@personal.example.com', '9P5NNHXANBGM2', '998.00'),
(8, '10476304WG955094W', '2022-11-26 21:43:22', 'COMPLETED', 'sb-djoa4722275366@personal.example.com', '9P5NNHXANBGM2', '499.00'),
(9, '07A09601LB732731J', '2022-11-26 21:47:51', 'COMPLETED', 'sb-djoa4722275366@personal.example.com', '9P5NNHXANBGM2', '499.00'),
(10, '88R83831TL562043S', '2022-11-26 21:50:09', 'COMPLETED', 'sb-djoa4722275366@personal.example.com', '9P5NNHXANBGM2', '318.00');

--
-- Índices para tablas volcadas
--

--
-- Indices de la tabla `compra`
--
ALTER TABLE `compra`
  ADD PRIMARY KEY (`id`);

--
-- AUTO_INCREMENT de las tablas volcadas
--

--
-- AUTO_INCREMENT de la tabla `compra`
--
ALTER TABLE `compra`
  MODIFY `id` int(11) NOT NULL AUTO_INCREMENT, AUTO_INCREMENT=11;
COMMIT;

-- --------------------------------------------------------
-- Estructura de tabla para la tabla `detalles_compra`
--

CREATE TABLE `detalles_compra` (
  `id` int(11) NOT NULL,
  `id_compra` int(11) NOT NULL,
  `id_producto` int(11) NOT NULL,
  `nombre` varchar(120) NOT NULL,
  `precio` decimal(10,2) NOT NULL,
  `cantidad` int(11) NOT NULL
) ENGINE=InnoDB DEFAULT CHARSET=utf8mb4;

--
-- Volcado de datos para la tabla `detalles_compra`
--

INSERT INTO `detalles_compra` (`id`, `id_compra`, `id_producto`, `nombre`, `precio`, `cantidad`) VALUES
(1, 2, 4, 'JEAN PITILLO HOMBRE ABRAM CELESTE', '119.00', 7),
(2, 2, 6, 'Sudadera con capucha suelta de manga corta para hombre', '159.00', 2),
(3, 2, 7, '\r\nPolo Puma Rbr Big Logo Tee Urbano Hombre 533268-01', '139.00', 1),
(4, 2, 2, 'Zapatillas Urbanas Hombre Adidas Fy8558 Vs Pace SINTETICO Blanco', '179.00', 3),
(5, 3, 3, 'Spiderman Anime Manga 3D Impreso Manga Larga Sudadera con Capucha', '109.00', 1),
(6, 3, 4, 'JEAN PITILLO HOMBRE ABRAM CELESTE', '119.00', 1),
(7, 4, 4, 'JEAN PITILLO HOMBRE ABRAM CELESTE', '119.00', 4),
(8, 5, 3, 'Spiderman Anime Manga 3D Impreso Manga Larga Sudadera con Capucha', '109.00', 2),
(9, 6, 2, 'Zapatillas Urbanas Hombre Adidas Fy8558 Vs Pace SINTETICO Blanco', '179.00', 2),
(10, 7, 1, 'Zapatillas Hombre Nike Court Vision Mid - DM1186-600', '499.00', 2),
(11, 8, 1, 'Zapatillas Hombre Nike Court Vision Mid - DM1186-600', '499.00', 1),
(12, 9, 1, 'Zapatillas Hombre Nike Court Vision Mid - DM1186-600', '499.00', 1),
(13, 10, 6, 'Sudadera con capucha suelta de manga corta para hombre', '159.00', 2);

--
-- Índices para tablas volcadas
--

--
-- Indices de la tabla `detalles_compra`
--
ALTER TABLE `detalles_compra`
  ADD PRIMARY KEY (`id`);

--
-- AUTO_INCREMENT de las tablas volcadas
--

--
-- AUTO_INCREMENT de la tabla `detalles_compra`
--
ALTER TABLE `detalles_compra`
  MODIFY `id` int(11) NOT NULL AUTO_INCREMENT, AUTO_INCREMENT=14;
COMMIT;
--
-- Estructura de tabla para la tabla `categoria_producto`
--

CREATE TABLE `categoria_producto` (
  `id_cat_producto` int(11) NOT NULL,
  `nombre_categoria` varchar(200) NOT NULL,
  `detalle` varchar(500) NOT NULL
) ENGINE=InnoDB DEFAULT CHARSET=utf8;

--
-- Volcado de datos para la tabla `categoria_producto`
--

INSERT INTO `categoria_producto` (`id_cat_producto`, `nombre_categoria`, `detalle`) VALUES
(1, 'ZAPATILLAS', 'Zapatillas originales de las mejores marcas con diseños exclusivos.'),
(2, 'JEANS', 'Pantalones Jeans de las mejores marcas con diseños elegantes y únicos.'),
(3, 'POLOS', 'Polos unicos con los mejores diseños y de las mejores marcas.'),
(4, 'POLERAS', 'Tenemos las mejores poleras con nuevas colecciones y diseños exclusivos.');

-- --------------------------------------------------------

--
-- Estructura de tabla para la tabla `productos`
--

CREATE TABLE `productos` (
  `id_producto` int(11) NOT NULL,
  `nombre_producto` varchar(200) NOT NULL,
  `detalle` varchar(500) NOT NULL,
  `precio` decimal(10,0) NOT NULL,
  `imagen_producto` longblob DEFAULT NULL,
  `talla` varchar(100) NOT NULL,
  `categoria` int(11) NOT NULL,
  `activo` int(11) NOT NULL,
  `mostrar` int(11) NOT NULL
) ENGINE=InnoDB DEFAULT CHARSET=utf8;

--
-- Volcado de datos para la tabla `productos`
--

INSERT INTO `productos` (`id_producto`, `nombre_producto`, `detalle`, `precio`, `imagen_producto`, `talla`, `categoria`, `activo`, `mostrar`) VALUES
(1, 'Zapatillas Hombre Nike Court Vision Mid - DM1186-600', 'Características destacadas\r\nLas Court Vision Mid son unas zapatillas Nike que lucen un estilo retro con toques modernos.\r\nPerfil de caña alta agrega un look elegante que se siente cómodo día tras día.\r\nInspiradas en las zapatillas de básquet de los años 80, poseen una superficiede cuero y una suela exterior que te proporciona tracción.\r\nTallaje ofrecido USA', '499', 0x52494646ca2200005745425056503820be2200005096009d012a540154013e5126904623a221a12354da20700a09676ef28c5bfd09d7975f5deb3ccfe5afb615b1fce7ddee6173dfd9779cbd667a9bfd2bff33dc03f43ffc5ff45fc61f9b1ea3ffa07a0cfd6cfda0f7b6f49bff2fd403fba750efa00796dfee3fc26fed7fed57b3ffffacd8aee03fbcfdaf7a7fe6d3d9bedbff72fa1ec23fc9f80ff5e7f77fd8fda87f67ff77c0ff93ba847e39fc87fb5fe60ff6cf8d4fb9ff93defb707d02fda4fa37f89fb8af9ab9b77de3a80ff90fdc1e34ca007e76fd80f663ffb3fd5fa2afabbff2ffa1f810fe63fdcbfe2ff75ff35dcfbf78bda2ff67c7f5afe49eba742ed3a7429f5ca0e5c286d6d7f24f5d3a1769d3a14fae5072e1436b6bf927ae9cf6e5ea63e6afd23b80473d74e85da74e853eb3a20fb4ae1131c491a8d9cef53826d50b35c4a2d0f12189f9d969a50c3970a1b5b5f11aa1c800093eabd57ba682833d5073e8360cd236bf06a859452a264e6107c0e5cdea2fab8065e7f156644190c3970a1b5b541c2a35698a54a8ef050050bf13295d7a30d2271872e9831344c4fa94d33a3168f99968829739edb561ce1436b6bf797327a03cbcc577c11b7693213b0e42a14e602787ad4dc2fae27f0e9ce739821d1f6c39bb7d670402012ec381e3a05c5a6c04f9640b4e9d0a7541adca61f7b82e1e5137cafa2b3d45dded5e3c8d4ea371f76f6dc7e5b84f39a07d3d3aa013d8d86a7864698d96a4ab79faef999f37f7251fd49d741f0f1a1769d1450139e5c814f90194c172d6e98f87a66ac37c29086a0f033f3ec011b1576fabe3c3cce0b8598d9bcd27797ffd8078bede97ce5097b7afea2e79581b70f9a86aa1ef254e8536701f72818de78382d76bd15d8877cce61b5816a02c667fa66d43038dd863569abcc634c83fffa165672ffa3fcafe6cf2975598c302c84e60977bcd0bde2865410dad517f757b4208ec03a9ab03273f82bc102e24e573a4565a61be228ba0c1a6556f457af7ffff5d704b280607707c4586305a03ce5ee7ffb40dadf983a6c1e417e40e64cda1a36444e4f17ac283ff1e8133880b606d6141d7375e61e1bf5107e27450708f32a64e6fbefcc8dcb00e5f7f430466382f9b6c71697cba27eea74e25dc29f3f0a53bc4499d7bff7e9ea1c3577c469cfbd7d7abf924542f80b02f7952da2d761f949113f8f1baabb008a9ccfb6f94bdd2799fd46932676990b6dd319897fa34b3e3f30169075001de5b30147cb832fefade7fff95e48ec132dabf63797d3a4a180f6cc4dc883bcbce63a7fcbb9be969389f80ff8d570058ee37baeb5f4f5693d543ae35c2c2be4202fd596c4b639bbcb5401e304e0930ded4669703f273a7319076a4f64ad7d9c6747fe3d3e11fdf2ba68efa21ae0f8de33be1926aec12867cc81b61d278c35081f575e8c6adc20757493f2b7a50b60fb9cf0fda5856c2d8cdba9feff7c144cae5d2c8f87c04f5ed39bf3da96505cce07991f7146902241cf8e30338a51aafb883f084e05ccb32d4855e49eba6f1500f2450256ce65ccd80db4ebce9b3f10abd500620991341eb2d28e612d4b9bdd8f4c19cf995f2ad281bdc4869ecd53530b6bf9263c721a93ae201f5c9473c80cf55e7b55229f222be0883970a1b5b5fc93d74e85da74e853eb941cb850dadafe49eba742ed3a7429f5ca0e5c286d6d7f24f5d3a1769d3a14fae5072e1434a0000feffaece0000000053eb499b3b7fad73d320d5dce60313539f8e97ceb0bbf39153e65f8d38d0b65d8b3b3d14e174329f2c540fd6fb430c97ee66275f4ee4b4e7bd964f9971c45393535768008f8fd4966a86b7fb55fb43058db7917d6f12cd28279a4e49865dd939180931703edce956d3463f25340718fe3060e8a4c3bf9d97d8484cfa63e5b976a6cbc3445c3f2a21b7d802f8caba7fdd04378dfaf0d23e1df1e3a6b2ef7200e6bf1e7ad2e85af747e7941d3004c089c58cc4f59cda63aa1557b282b8de1e2cccf0ff9ffaf5731e08e7caeeaa336045d7c44091a9957a1959d91354933709c7de60e3bdffad7d0b09aa81befe148360724b4dd2bc4faeee83ef89555799bd8ff257b52674ed0930b753b9325db9bfe9f2bcf35d929d5257ef901c5c6ca148d092a2aca51cf13c1e873bb4980d31678ba5f3e205f23213098f76d66eb4c7937241f6d14d741efc7740354e2ba075dae63ed509b17514a9e8ea41c274451ae1f8f83928bfaf483f73750d214c3f6aaced1ede19058a466a0bc5a9556dfad75639683116552d11681192f756df911916ce181480cb5aba9ffe6cbf8fd54a0557038cd43140ebd2bbd7e6e124683f104b1e2ab19d1540c4e9cc515cd93a27474a1b42da9d5448aeaa47f263040ed7bee8c7fff3a9565943b10476419ce7e6af37b4f592894c190755748e35b8789eb08e1737ebee4ed4079efc5d6f866f5b5358a11c9be4d2ae854f1867dfc15c03b6e3c897bdc10254ee12eac6fb8186d24cfbbf6fa156206edb549e256f52871b78752ac41ee6ac1f5e242a88335fe62d06245e6880ed619e8ad01195f10f01349d005387f49a8da6d2d3a098e312e044aa4d16b0fd0d3595f5f14545291eebe189d222032dfc7bc789c20a5d66ca147698b35226b2be0b165386e336f59506c96d1dbd74679582f4335c9e318bb72d96ec85b4462e1be85e2091641d3dce3d8472f5f0d9a9a1486b98edc5977971a4603312596a7cd8b9caec737a65bb6b78d8d94c6e94c6b60ca64843cc2704641e5ae65feed724848c07c21f579c4ba6f4360a79c9cb33be23a8bb60cdd05ee5ddaa1dab62b6954b44f317900827d33cdbeb1388e3d1fe1b8f47bfef99a8a92ac6d5a089a507636116c4361d1fe595df0f2f90e62f440e56e15b2ca1e89301ab8f109403eecbd87a46cac13f8f98435194a00243b77add56a744bbbe1affc4aa3b4c589e83e0d13efb06d4945ac34fe723988d8260b2d75fafeca40170d96b5c893261c807f1a4fb449447f102af5bb2ae00ae3f7af8ba00dd6abb18f8763e84a9500e3a1050891a5a7a37ea4f9a366bbb3702a4d16aacbcace4177933ee82efd6cbe87ecc2a29a423842f2e2a149067e5e18e86053d920ee50a7a7a9976a07a9368a01b4913a47be66763907e62a3d738927bae27ccc0e9ebd3bd6a2057e71acf70d125026b293d6755aa4aae731a49b5f1c43bc537e57a4f82deeb19fdbf59b9c0dce6dc0d8d80694d55156c55cda0d2b0dd44ebff89a74a05c9d9294dc3270e41b624f879a1ac7b0c2983a1e55169a6ce2b503dcb61074b7a20103d5795c75f4c637401e2ff21b459e42e9df1451ad4778b3b86df38636a02c0734decd468a7b6e1d98ee6aa375d80b24dc79c3699297ea72110336e31db231dc5bb8243c8dc862e64019f6f75ec9bdce767af2b217f8d92647046628c6e562bc598600a2cb6e1cbff593569ea8c173cd6d59d749e3106d20024e0d1476992f1414d7cfa6e818eb9def0c0b6bef23d30eb32e1c8fc1389006be94a8b313a50d756d00f5790e1c566672147e2a47d49862e6b1a4b2c3933830a9343e0f19f650a326998053915331bd6286b0f457c97ad535a0dc0d237a065cb6983c878b47a917fd0660f77cd4c1814a2a9737dbffebf5dab60273b268e2a48e4e1ad117a3cee00f1bb8b6a0083101ff8f140875b5e824ef11285855e73f282ad9fdd376e09ef696da193262ce2eceff97c2c263b39bb528fe69e86c74177379cc9ae537408ea190dbad77c9388f5377f31f8af09ec3fb2681f3a3614a355f280a432995fed24a12d736bcd6c7c998eafc4082aaab3c88f95b29b0e44af693656602dd31218f721752e4690ca93ccfcc17e05255e1ffc56b4be828e82f627ec5fb90d70420b901ee1e6b79e39fd44e2a9bd483f35fa02a4e4152176089886d8cd1d7b2ea4f09cf97af21c4bedc38ae03ac914fb406f807b7461e605c4e06f7a3bc69751433bfbf200b2df307019fa568836da87039875086038890d98b45f2c1c8be6a2eb98d16a263d5382107ab3f231a5d70c0e51532985d560aa29a7abfdc332e5aa8a330db218f755ac3a3cdea9d5c1c5acbd2497c12eb8b475bc7326f11d04ca31159c6e4fc48d0376d11220e80e26b9b613570de9505f12a596909311927ffa79fe47eb47793ee0c662bceff1a5b561171fc6fcd54a3fde3df9576af30f46ad9475b205cdad7158e4c8788acb4c6a178a3a718bdf51edfcf2f7f69dfe1905295b8a01a82924d9b9dc80473d84e03ee8e1e65270cf9e9d6c5d7d478f6af71aede88c165efe8a693f27b7bd8055f5aef790a082813e853a273ce3106a1cc25fee8da0f39d86e326a561e08faa7f4658ed23008fff55643e59102132841d7feb15e11458617d7ad95ff7e217dde5c3b1560a639a776c3b7ac708efeeeda817a0244655495b609aca8184e46fd4dc19a4c2fbf826520781f53f58f1b98da0a984ea95f7d5ca2ba4f14a00049f2b03672419d174d2ae5f7aff38bc04d8c62509dd3371ac680effa096aa9c2d7fa34b86eb6934fcf2c3858ac4835229a7f47289f84957beed4d940e6940fae072ccc26806d5b2d112e2ccea6b230553d835d7e819befd7462a34d772cf199d942e285feb6f5851e298b4f771deb58120da705d38eddef51b6d2f90f2562a8f575e1948baddde4e6bcc870a5fc0fc30dff31bf1f2f1700186831691d5309bb483aa228a833d7565e85396e85392915dbda72deef90d1454f013d2acc12a399d4f60d952805dfd163a4100a4831f4fe3b09387c6f06f192bf8666713912a3dc570dce162892bc140c34c76d8ee557d8a82800fb2fb884bce0a3fd2c4bee737a5297c3b9b378ea1117be8240ae8bbae044907dddf86e6bbe2f077361d7775e71f557a2e1cc0330493a38198a11ee7061885d7f8acda3da839a49184225fdd6a38bd879282b180530c33eab594bcdbfca6034379658acd416117c2547f55bebee6a8bdb3dadb03f728a29a3add0e6b55a6d13aa5ef4db349a47e5157a488fcc4442437bf372ea484272be9fa3499660b6433025a213c789a3a183f36c91c9076cac9a32b5c4ea659b822ea0cc0435c95a9cdabec0fe5a8dac29859261b5e52e5f0f895cc637d471d98e715d5be6ab1b2c82ea0ea292764624ddbf1ca2d1ea57014d809420ef473e6cdbffb1db057a6a55fc53018cfb80cdee14d835b4c371cab5ddf88a23669a101a3e81b518941e5242f31361661bffdef0c44071a8e9444240b2a5e37284ba22e5f45bd9abe541a28d39cb21e6715b2035d90044f5d7d36d818d20dce93949446056c62c083d1ab40338ed78c1ab64a04f74320d2835944a7e759de7f5c91fa8f190f9517aff6d5a9f5cd1d4281ad2ac738a21644044fb011396ed04393000d8a33580fa586cf6f8b2565412a598e97240f4b2067cfd94758ba8908db4da7488af9c81da5f66e57ed33b69657d27637f7e983beaf5e4f805245a6a6a128cfd3adcba258e4d11b64615af7af117dacb33f6480e88b31914e2eba0deba07a2efb55b7674211388c6a5bde392e88b1a3376817486e24575263f1f43d9f6afdf754382e0cd8520851930a28139c2e2abfa13bd1aa48e423d7363d5b87b86d7326f4d6c0e40151dbc1480ddc70ce6e5c85e7a8c30d618df096bccf74b9067c72efaf2674a4e24c1a4aa7a508cd6e9817c061a81b6ac58486df7ffeab8099429a39024598c2a1105a8bd6430fc9f69b04679d18ad71eff28745f03c9f3d50a9885d891ad769df390d71c0453e6487539fa18ee7ee37fe72646a9add5fa37f8b085ed33f9ed5a48ebba84ccb302d86f3f7a05f6f3c5106e2134f13d96a096fef7172fc71c52094e9ecab5cc734f672ab61066318ae00c0d4a9c970abcea2aa18cdb2f296f8cf9ef5214f1c350ed98c6769018eb0bbf6828cb99fe87ae5804d1932f73d9290785d5ec6a4f538d9456ae92c1793e3e1ec11c826b0b7d4e8f5e92c267712aca303bead294362bd0974c9b7e3faf37ceea2e42b788fc09505632e9ca3fa62f7ff25eee9d1c915937e0d5993fa205e6ea5e9b8be8ed00eae7982db54e02272f5da763f26d5e087eaf030d73ceae28c65d1a6ac4d09d89843d97c7220322ae442a015890cc18195ed768995db2c3a1c3e9cfe5907bdc42c2d37c14dabf5ad3b1acc1b12c18e1e522af7f9a6bb4975eb4e3c2335cadc2767076963ac071991237eceb8a31f6258cf18392b8358cb15184f5e4a6d11f51757e49f76714f130e3d7aeb4eb3af02af92323bfd19a39731e4c04b741fe62840e9dc7ceeed8d3dfae31a0c855a034223b43e7ef2a9a1efa189c51862c5e0e656344d51dcdf06b31b765f091c0b213cee09d67cd2e2dcb2112a2d352b9a1c65f2eddff85921b4afaffa534e920e295fc8827b6f505548cacef6878f654ddbb6ea1a33f32f9cc69bfbcad3d2a5ffed93b133921c195fd7244991e8632e72dd966ff872083b09845f42f4b7273a8296791ac43f143d9096e2e71be16a255e3a49214fba14d4934442b7801857ffda5bf574ecb3bd607cfc60ab532b8380ec8bf321a0928ffba9d4de0194000973824708700c3c3521eac0ab01797171f9e4988e0da874791bb53b60e5e603a4bc638e17f15e95c3b913877128241b8c4de7331361caacb9ae24121e02dcc916a1d7b2cb6078a1eda8e9fb1a9e68280e322f32cc4e7b33ec7fcdb20560c83922f1b3e713a5583bb860fbf2598a46448a0b055f8aff53e3d1437018d55ba295b6812d03bfef94c375b1eda5dd05db7afb74518736ec0486a9ae74c27fd3e65f5d0112ed8debe396181eaf2f1340a47020a88299b80e71a14f23d38b55bb6dbb6ef41c650188481d699dd50811c595a3c9fac69331898d541a5ce42b115ad00f628b85960d496713695d997fef9de619c054b11a9d3e8140217448376a2102ab4ebb118ac356fa99ff957619b895c24f0f799d5375d48d628b4d821ca29134e6a0992b3637d4e4f024620b232352814abc2ad301e907f48107211c12135f774161bdb2540b57f869ebae2e95780d948f9fd1944410ff29c7f78369aaa5baeec8d46d9468f4c8a4c4c767be35121657e3557876ef8966d322f5b7a43df59ddf12611ff51236376e6a992709e784a9e40e89cb68385311fc809c9b691cd3d163fe04e2fa0495e80324e86dfbfbdf42423d1e671552c08e55c73da00ad7dc205f99ad6fc6505a471eb2df24a7386065b60dcd37bb5fc883c03a9ef38aa863b8e2a02ae16c7772fc86a2e903a14015e90272ff83dc2aeb0694838de8b6ae1b35b35a1996dc63189dfce51f5f401feebe31bae8429d8e48ce6e8534e895ed81be74e3ad74a80c9ae35baec645f3f19755cb36f3ba32697f88507fd6a56e57114f13735fe2292f92aab210447cd9f69773194cee802ae7d76ef7591f71081e5ef67f9fe0188be618557b93a11857bf47a43936a9883dba835d31f2eeadaf5f37557e303bc9b15170df1d5cd02c9e5288d7e3849b61718f5ef9dfc8892ccb6c45e02d92dd09af3d3da8196a20ca06e48b95e26e846f3298816490e2fee32eb90110179f685b39c0c940d5e89c01dbcafb0025979e47ff27c6b1a42bc7daadc734625322d327068554af1bcc4aae081738581543c1a0f3ee9acbeda4c46f882035daa75108c4fb750ea56c11ecd9b6353fa52d13223653ed27c989e7016d1de8eec95e9d547cbb0d9d678f2d4731788ab7a1138d50783af3f905444f07c948e60ad68ee12b9f71c70c1e34a1fc3b68af39939d83db857055d45524e05e818a1edabddcac1283d04b54747a4c070b7543989c2ee2a7113f3a94f75a060ccd7b733d98fdee374c859bae11bb69cced1b10db2c06eba4859ac7f43e0e1693dc2387c1157376a61878bc058e95717d65805ec258040135be6060b87609ffd43829c46af0a7f2268ed4f59ba86c813522c05b9175bb39915eac5260b5b3549c50fce14fddc5a98826dc190ab6f5868802bb7de510bb30209e7c1a05cb2c73ed75ff42e6cec40721ecff25f84b410b817591dad436dc459d43a212acc5553aaa061db1ae62b77e53fde5ae567aab3592c77a5d00e1c9ecadeb62cb42bb1698d2044f700a5d3e8290529f6b76ab18524fa1d62c04d675d8771f8cfffb70aea45165558bc524a17a8fe1b81a537632bdbc3b623a51b9542172cdf8d0e26392f11814ca03787798bb00562ae93ff91c8d7325b4a610e98d407a24b2b39bdc7507000c79a8236944aea09fd6dc8b9e4036e1471eb5ea40727d8b8cc5161c11e5fd854afdff0ffdf32cc70731507bcd357592bbf2fe85f374d2bbc16d21e0f259ddff0fc56e6079b56bf09fdc09e6af2c4f1013bab37a2a8ae1d3b234e6e9b9c043042fbfcecf5f7e9fe54b1fa9c67f3b635fc2df9a2e660dabeef86ba3b4a5df3ca171cf747d0c29026864a95f83584874744dfc673195819e1edd34141c4b0206dfa8c97bc61fb12ff8b6627417a069ca72d5cf8dcf438d0f6acb9af2bcd7c8e761fe9a015d217a0d01bb66bdb2cbc23053d0c3194eb66dbf8c12db9012b41750b3949d10295153bedd1ff9ed9b56d309ec8aef5766f7f6ebd052cd896993b397bd33dd182cc603cade4639d804e17734bd90e19c637d0a5516b96400b66237efe51884e49d92ca50921d95221df4787c07badc16bd4878f8fe6f709f20dcf58f90fc04d50b36aed30c8328b110ddb13b7b29987b462be7251efeaaf6cb408ee9188a0d8defb072a8ae3c171fc78d461df859f19a8f5f630167271d26d9b1e191b62d47d84841150e572b305dd822ff679829e3544cd1875d874556b68f726b35a48837f59eee2163816e2a0e41d3edff20304af9074a111d0dd0e4d47dca507cb9796894137153326c8840016dee04b6ec404547e6c5c0fc0f67c7218d92ee84ab00e7c7509cdb5d281ca0269f5680a33c3f7702b46f3a9ee4cff96831f39487a8b18600204c232735750c8962cf8f5699af88a7bc7348b03508f9d7d406b07b54d531b3fb3e56313f7b483eba3a8773835cb4f7c0bfa87c36a789a5b374bbd0a3604cfb6e50e96d67298dc1814e97424910d963c3d913c3d3c96b2a3719f7bedf7ed47331c9be4071b407b7ec41ada80c089076b99824b730cfba13d5739b39d27e287d141bec955caa7997e10cac1520535057e9291ce6ade74bc3f2378795d8bd007ae2a5fa98c5b16f7505537f8980eec587cc355b2436a6d707b4651d09e75bd340a7e7b30b71a2861fd8fc8bd0a2a907c5e34d3ee87fe04b024ff5dfbbc18dffe769c4900e66c823f223f91ac75d53adf75255d169d8825fbde89e31b8d9d659be3a034c126f694fdd0cfa9bddd7ea42522a7594b222fd1b6a2a3695125520d7b88b5ae57492456aa9aa634a10fd3028e18071fcff3469137f14b4f4476245c278ceb504402c71c88a8907abd693d6c202d136244769bf000d7b828bbcd106095ee01d80c908d69070f9e5b4482d20334e4528c4b77278c45258f8c1ce2c66c1a4a4ba94d88c2526b06de9a92071512de7beb9ecd6fd0043b64afccfb92d3b8d045be3c2bc8e5e4012fb9339b9006d07f3db1db485662f2dc2626be4fa349eb2adad27536915e585b2a2b195f334a23c5655f36a362a9b5ddcadf8574077af8802c945b958efbac2349b7fa2a03d452f54ebcfd2f6fa098d4155983dfe8ea111fdacb2c857ba3328dc04b1c7cb5c6399c24a59da137181cd97afb59247e971ed151749277dcfd55a89414bd6f9331cc2ac386c78ad6b1958b65b56b4138307d7f1ad4c982f32ed0a1698ebb9bdb3020d2b6ca91311ce7f61c6914b4c43c21bce11e410494ed020b2f8752263a245a39a20362b62c083470f096e72dc57de6d30cfc3e1ed5b6688afbd801ecc3538e5b8f0e410a49569d7e92c71ea2f0765b222ce30ca3c03f80a76d40d4da57c4878777b49d79153f48a130358e0be07b9a444f720a731306475564f435e7944e4888c1f7acb022332f1343157ae319c94abc5b77bbc0c26649db464b869f4740a9f3fa8c170649dc2478a32cb05922f2e71fcbcd5addd47a31388f2fbf7cfeaf8ccf273c04d7f401e6acfb2230c1dfcc17870eccd3b68e13bad7b105a5dc2ff6df97e525172b8959252ce697bd5f23e09922abbb814bd1d2a229eeea69308c3a935c2618d83ec2e852d99f8e90ed63944150744298e3e1d3a7c0335e942a979741457d98f35cc62a77654f9cc7d0526152bd91ee2ff9c8c23ad0492b0314ddc5c4e821563f3d2e2322f2c6b749876f1ecf2e5982710f43151781dc2a505718139bc28a5c081808eaf7f6951289913ff2597f69dcb132fc64c6073cb2d98370afa4c43a97db6576d5f83b224ecdd81cc359934e18572efca58ec4fcac3223a7d59e7420df64d7352e66568672531ecec274b69169397d164b45f5380566fbb50f0b882d1c937d48bdd7c3cd0550b68a536589d8f45560c5caecbf5d1947f43b4d9972a701ffd3b481e8c276f0e38daf72a82cb52725c5839aae923f7b8f89cf7505ced70642518636718bcf8b09765c408e88fb6825936a7624299b7d9a9fc9ba7591ce11743e10138c1fe72b7e15815b39d37e21503895a96bbf7394363c967a31a2dc2332566d454b5d6d17c12e6b177b9e2cc3bfef5da900dd21f4dbcad07b1ebeee92449cea62c1f180425f727c541ef726bdcf2bc477bbd95c6bd48dcfeacb98ea06c7710d60b07a43a0f206bd50987823898e07775f10503621992d6313149543ebcee616b949fe08b5b07ae0c8576ed8c1e9ec69faeef8c423eed08761e71cc3d2f8f47a2305debdbdfe6c57d7edd8000fe6009a9b84f1997efe21d6bd771035a144f8a086321c0fa85fd8f675eec3ce300734c1b74aac0265101a41e1c19491927ca0d363ac3f78d67d33a53498e32acf16e0f01997df519793e07148fcbaca82f375e76d00f03e3c1d217b821dcb2c06c96fe1517012edfc749c86c1b27642f97e35bce9fda9bfdc8c0bded73f4d4971fcf2a1735f2133480457c37ab011d19b46b032b18f3e7c76496c1fb92e5fb7afbbb0348e36850a700a5d4153c002e67fc8dbaac39b22a6998c9a1dd25304f17f936c738e06d8f558377b76e4de9d42048b38718cd2e95c716d00dd4bbfab7f887ee0ed701257ee664140ed3c4ad8897e0ad9b2b90f894468855a87b782a536da498292c44124a87d0e1fe37d0189b8a2acd37ee343a4640109ce7f423839bae10bf702723630f8a3538179ea97ac0fd645e8383ac304d7dddb93aac5564359e876d2c8b90a0ab1619f6669a5192d766469c46abeeb5f87297e052ab744daa7f91fdf1bdd10f6b022e6ca6f32671afb7002b4667e32fbb802c840967cf12dc70e951025b43b85ea8c01e6b0050f76ccc23bd5bb095036b1b74c60cf1c79987259146d30b7b4af62411c10786cda81eaacec3abb8a0237859394b67afeaf14dd69254c69d6f46c3c33f5ef081c36aaf5f96a415f18a571c10eb27eb34ed670a864ebf6f111e8d9e106e6b3dd1a0489d5f691e17fb2883ab475e4624c50cc906b599a4fa595a82c36d3e8ac0700372b4d9228d17ed915d7f99d3c3627c0e3fa1c42304a24728aab452988793ca17676079f27d1f02bb17daf6ddae3bee7e2618bcc658187c5baa53f567efa6eaa8bd3f12a5a1e57a4f22ee8ded5226d6a9591efb837cfc98ed757002987b74b719a913495630a383d1e077737ae5ca6a90d0f86f122a78e32278b21731a9882a4bd612cefd5ef5006eaefe9dd5c58723a049d46d26516f59520a64d540a67adf7b003fbd9e8102bbfa54a427051a0e8ee02a5a4f788949a1f9b4ff000019fa8f2120d101a8c6f563baf0233e5e586ef16285a50d3cf1a32dd12f2e551cf668f93ed4216e688d0638c57eb2708f618977f1326223f6d15c2ec0cc7b665314f099bd46cfc02a31749f448c14f51002c8853ce50bb0df268f8af6aabe8121fdb1fbb0c3443f060e28b1c1ba47838fc4b67c88c2b4ddd4abfd6123024c9f3e226e68014c04ac628f7b3a8143c44008a8fc5cc68e54779085f450915d7a3508e2707fbd69125ec8659cbab6658dff9acb065f210f0e09439aff5b7f51549d270ab7b1a4c2b04ff6f9601698b2a9af14e37d73ff26706b5a6fbaca1ad864e5962cef0477c2d1f4a8d8c928aeb7c05876653501a805e7369df5fcdc415f897d22caa03f8d147fd9e0ae7ff4b991d221114049d7a836181d465ba0f34458988b790cad76300079dddc8a13c398782c4698122854ca2d651efe216f1e51192799aff400e398ee51671a0cbccfacef5aea87bfb17cc3d83e311c1f81c1cb29fb7710def2aaaa69a9acffda3376a507507f70510631f222eeef921cd605d00ea92aec7d72343441af366d8716ce054ec56ca46ba12963684ed5c0c4c649006467b88cab63e453e6df3ffde498977e22e4e270d52e469f10b2ce558cdd9ccea2694bdb0afd3461aed449d15687928012caaa2ef9d0db7f2369eccad369f9d26888a100dc97fd7fb149e54cffedad27e3d49bd3c62958605968e0ae4fb663ec32197c055e34d00f98f9d1bf424005de800000000000000, '36', 1, 1, 1),
(2, 'Zapatillas Urbanas Hombre Adidas Fy8558 Vs Pace SINTETICO Blanco', 'Características destacadas\r\nMarca:Adidas\r\nModelo:Fy8558 Vs Pace\r\nMaterial principal:SINTETICO\r\nColor:Blanco', '179', 0x52494646de1900005745425056503820d2190000d078009d012a540154013e51269046a3a221a122729978700a09696ef4943fffc6d2ffdd815fecffaf6aceaf006400da27babe97f88fe69be2bedd7c75dfdf8b4f427ed0fed7f323e3cff7ddf6fca9d417f1afe7ffe63f2f386876ef302f76becffedffc0feea7c7b4c9bc3fec01fac5ff178dbff03ff27d80ffa4ff99fd65fc33fa96ff0fff3ffb5fccff725f54ffe6ff55f019fcfbfb67fcdf5dbffffeeabf70fffffbb4fee08b64c4e06d89c0db1381b627036c4e06d89c0db1381b627036c4e06d89c0db1381b627036c4e06d89c0db1381b627036c4e06d89c0db1381b27c5957e58a6706833e0d05f2b7457ca5c5fcc4b4067a4e896df521cfb7486d89c0d7b93b950224ecd9a4bd0227236bdc0aca23bbb08d57c5a0c241776ee019f53bfb48a5787792f63fd9a3298a6833e0cfd6cbc4365128fbcd8a8ee083ae3cbb3986a79ef5cec32f2e52e19fd66ba1526ffd34d527d7ee48075e36bd57b0577c7146a47b5878e9f2dd19838136dd39e2672f93383417c5e88a805f8e65f7ed0a1da087e78836cad8d3b25dba726cc427462c3c6376effe8472de692c4ef2dff097efa58d73ade84cfe722a46fcb902620ce86cae2abe35c3c1cb832df220188e13d2fcb790f6aa9e758244094777304fce5826c1d36368cf82d4eb0367733b5307ca02d30b1e3755923d07815193db39f47d01437bc03fb1915ead8e46c777998255a59cf54a5ca69c06fa0cccbc631ceb6246d3b092e1b74283019fc77b37e36f0e0a53a5990be4bf7e7c0dd8a62e95e40e0dd8824ff44f97b1d17a33d6d40627f3793d907e7c3808e6a91173401ebfaf5807772f5d79cffc0c8d54183f286022d8a7de6295eae3fdd22d99c75cf76fc4c2a34d37b7276d7f186364dd05e836d1eddd93943489530de224f6c3f35cf0decd6911cacee87af0b72e5eb45edbdd2ebcaf2b31760c5e3b910b0fd7a5107f49034bf937f3f5c11c5eca620ec613d99a14e37ffa0fd6aff0dca0c04aba6202d12498155479bc5008309e40223f85edd1931ba96238425cb819940e026c44b316186a154e3fbda7c05d2f96e1506081daecc7b201f1e4a430f67825dce1baa0f0d79639dac366794575427f95b525d27d10cdef8f63e0e2dc4bbec631309de8d283493ce1c0d47cc3d26503ace93adceac5b54f017a2343b9899c818457458fdece48ea15d90b48c1199e101f7ec07745de1767c1dafe323ff05e03230e41cdb9c9ecc31504d409bacf649f493d8d5b799b21e7d00ebcb7d7da6ac959ce06d89c0db1381b627036c4e06d89c0db1381b627036c4e06d89c0db1381b627036c4e06d89c0db1381b627036c4e06d89c0db1381b627036c4e06d89c0db13300000fefd876000000000000000020c600e84802d800b453f8e8ad0ad42fb8e1ac00c3b7947be17d784fae54481cec2d0ba9a8d90e51c68237dc9329b002dc7fcd77d72c3ffdb16f496cfb7bac1e3cc2227080ef52dca289162bf36c4f40a2bafd2da3018ff2cc2c3f9aaef73d1e29c1365955bf8eb56847a49de756f084f1fd985310554a7fe7de678ac981cc4bbcd52e96036da4c0c5d5e5797bbed01b56ff4d2eeffb7f188c00fbadb9d3ebddb639713344dad3445005b7f0f3923493e0385073f8e8de3ea933a57e9ca97578d68dcf21fe82b885058d7897900f790c0829e524d85c1cb48584cdd5cd9f322f971b0781164ed9fbde1a60adba48ea3f4f07fe6a7a1fc00c38920e7e90f9456e41d3956993b1b8fa87fb96d57b7dedaf69a3e297c0220de0e71c15206df63a97158de09f5b8eabf50afbb09e3cd820e1b5d78875d36690d14963a2087859f10f59012d231168def82c8c0aa4332b8752dc4daa000177ec26f3ea396e6af0fc091bfa293f9dff12fbf51d36c50913935b01ed2882eda7c2cad409c3a01be71cf7d81994e925b89a609fc743644acfca5fda1a51b5e35648cf457305ac20a1129dd8b7ecff636b446d28dbbaf05ad0a71d8181a65b932a872595e9cab709ab9f2ed525eb631ffa9a7a47e1738fb3acd149b9bd1b16fe4fbdc31604ec00f06f384460b34ad41cef3ff11f851bc4653f3116cafdf2f366c6068c96782e10202a094cb9fd875375f4da41121eba787b9cb75d100d4740fb221d404587494766c9442af6f5ee140171c47130277b9a0fdd9f434acc1c7473169a8326791f537fe026966bde29066cbf3f4813375631e4939932f74f3f077f1bdc717cbd5465e8c9049b8353d79221cbf458ec60c0eed5016e7c37e4170f95bbdc3898cee1d6041b49a18070d58dd0873ebf1b290941844ddb4eabaae52be45f5dd71acf16f11671aaae1f2aa5de645c4d2c1be9fa2a0fb98d91f0bbbb5432d6bcc0e775ce47088a61be455be2090afc1532c3f55df5efd5e4466c6e195c9580f949498a37d58ffaba097baf7810382d78bd6b9d8dec11e703784f9793f645f552e09aebf8202cb652d9f89019ece88b58ffb92886b51b39624e007ef26d393b27d91279e48e53fee9be964106bc5b78aaed154ec96eb60a20b560e4fd144129cae9048c22e1c0d4138ab01126f71fe368457574f77e09cea26c0281bcf910bf8a81345d2dc3fd2bbc70e57b37d38394cff3d6d6f13f697d451078d7b1e6a8aa79c017d51bcee28d1b7dc16e57a946a1eb6acc9d6c3ad1666e53a66d3b5e7d3f6bc3a211fb97fa54eec1fbbc3b5768473af7647cd04d5658214a0b237d8072652823affb8ec0c971e384b7eee28e23b24ad78b372bf56353e4375012df804e15a2cd637d67d2251155aeef92374b6ea1d3374fc0c8cf284fdeca425fdf9d805cd0ce420cc42923dedca9d6a9050acd1458deb3bc9802237c254f39d6c48c11217c0bd2ebd822b4fe0835caec22033ac80729a57c0ea19c991c5d248398f16382d40c6f25bc270a8ab29da8745738a9c2be746cd9a0a89388f4ec7ecbe959f571e879b086bb509185c578685643faf9201e4d4b7bb36dbbaf1e221facec06986761ec63c820cd0aee1f0d99cf60f637865135926321d5ae256de0811343901491dae095cc62dcb96040758a4ed7031753bb1b69e9439e2e6991aed6a49b33526b60076738ff0a9e86bec5c79efad04ee8843b2a6842f0e64884c15bdc80304090a9c55258d590cb44b9b3784a1c7ba20ff88c41a56100ac2ee7efa2cdc94f76ef1bee218f542e9008dd1285e796d14dece5bd0311ca5791c7a13a4f44ef80378fc776fff23e9e34f750db2fadcdc3ed8ff43ebd25588c4ec07ab12849f9a944305339faecfe10461431a247d9e022240cf923eff9b5499119d59b52ffa87247226444c746f1756c0859878926f1d9dac4d0f2842a6cdc12c2bb119c74b99826d214cb096cfe4165e6c0e958a95513900dee69daa88d7f61ae6624ee2345569a54566abf9fc131e1f5eb3ba9c9c69f231dcaf4f72e7c462436270debdba347d69b73fb6b752146d8b82f409b91e6dd043a8a587355e12458ac3e431f28fed21fcd1060a677aac5f2c4ecfbc6ddf9649a239b1966eb9982364864840742838a75162ab460202ad49d5bd595da5b82a674b1dfb6585926644e4d196731bb9bf39bb6942de668884cea43e4045d37f969bf320db71f584e0be15cfbc3a6861a147bab776a53c36b68621c25241f5eeee7a0e8fb4c834e7b4f026ce641d9daf026f04c8f636dfa44091ca55efd6cbea60bf5a0d2648d5fb3da33a2ffe20ec5c3aeb6caa90f89c83ff398ab31923c1e37b7e53b584096b714a82513a78de06d209d442ceec505580d92b2aa9caea9c913e5db5c70ff2e2a18337e388ae0d16ef1cb2647f6263d5fc1f78ff75efb688a64b8849bd137abcebf5e3d8b537441311fce9c7104ae93400ec58e7bd2defebf0d5f19df57ad48399d889c0958c92184eda642d0c2e69d5c140c365bfc3f052dc6b99be0df9164244c60508d97e98410492bfeb623c842b7673b94d40a6ee9e4fe29ea9b5d6412bf5777330452bbc7fbf56d2d30e71a6a282771a1bb299b4add871cb8bfcce43314c42fe7838aa1eceaa8173873c88356b9ba6982a00a8cf9fa60c77825a2c3a1c926edeb16eb9fb42b8b87153363026ae5cc63c5b9797028d915a5630190f36efeec2f770db1e47f9ea12600954ef68c51c2b18bc85890e0b9e3682ce2eaee1be82d4fc49f584c5eb17c010e0ddafe035c7863a20940077c6ca08e7407783b3a1a69fa21e0fcdeadece5da7fffb082cfd63dffacca46d7bc880a193bea50f0858597cf677fe2dcf8a1f0a9072ac06f14849e0143adb89b946e25bd6e64d683a2c24cbd627c8e90b822177ae368909b3a8915b2e71517782590c9fa3fad2fd28e7f19a3eb8920605e5c4922f9fe45a2323aa495cd1ef08e85550584cafcafb9aed1486ddcba8b7539eb5bbba17e902f80159966af38031b72be21f4e02f2bb6766fdd1ea55f990854e6ec3993c4430cc33efbc14a5de8103fd7efae483a9098322da3c2d5d18a769e5a587e6fb59961200e2fa5ccbd75b43ff28133d2c2c5c1d66379dd4410430330dba798d6376a6aa1ed00bbc2fbceb4419fa9db96c6924a0fd4e13c2ad14f0991fd27f06674486d9c775bd0e57e99d4cbaa547eb4d31cda8a29fcb953832acf20804dc502544ef00082832b999ad4cabfdc32a652fba1da07a9ae0bac375f05261a62e0a7ceedd2ec80afbd37563dc0e7adf388f1cc9824755e3fa9699d6aa125dc1794ec6f99707395d36007e5e40bfee3f1c8f0ab623d03395fcad29350d226da530fc12a488e1f07f2b09ff9eb3ff9339de04323e4a27fa52d319a1632f4f3586b3cdb6bc8c9be78738bc25f92be7f1d21f0d394ddbbe4c0d55083f91ee4f5b0f29d7d2fa7cd237493c953e857124fb1dedf8dddedb45d9f64db69455006ea437f992b6bfb49b45d4a2d397b17c274ad402cbbfd9e4449fba73e5fb9f1be8ad8a6f6a787e3df81df09aaad4308fdb541ce2e82c6f70654a26b1aa32811d3a473c0420c0a3fb5786ccad5cf6bf06a49ffd61a4db1716e2d252b845834aa194d63d9574914f8adce3dd627a763259ab75580b438e7e4c2c25805756f18f544b5fe340dd294163a49ffcbe12e9d6a52c53bcdd5d5dd1f96e9b28b5a513d426388a1badd67f27f8e86613050a91484ff2de5bedc39c6df60a28837faf0dfb752570273a77d93cfe15bb3b9f5d55509a26478288617cbc24c3206873bc583dbdc865509ddbefa0c421500c1bfa6a3f3b30cdf829e1edf5a099148ce5a59f3d84a3f30ba84337aaaa2200e0a916202c486ba279f28b5dc1f8e6a757419ca2ce15d3f6a6c7670f3887519941cdb5b9166b33a1718948b0e928a9100e0fb9b73c70a15b6c30058dd6f2d1afafcef6b57dcc4785b6c355a77e897a01be929b6051890bb30027b4a4fe855d785b418a26d88b00be104935be73bff26b1041b6e71069c1285398d656167ebcee628cc4b7c1475f8669efc7a77833720e52d0cfec27817f09ced6ba5a56a5e1db87d4fe0b0db6b7c214099ec8e6bed66f06a8dffe404f65987d782e2007fae8db70abe9930b5281aeca888df2a47dd049d3e27dce3989c50451b4c1a3290a9a2ee2fcab4e0a2e065f64abc61e1ee4dace0d32c4c4d7239ba1850a79929b69f32d40f1a7c82b1a4d23855f06e891c869aceabdfc14a62959d0dc06ecfbb33218d9966e5a493a5ee83e8674af53e98a78c50e729eaf569aec6250bab48410a1b141b455e0fdc66819dff265c1b2fa20aa134c53a8c018e35561c24ea0f2cc2e6f9fa756d63f74640abf2fe928f72925308ff52c628176c7dacb4849c2307bfce106fa1275b45b0911ff7fff667861eca7966bbb9fefa25906226a836669f53ef78c6e83a55e3e29710afadb95f375d43fe97ff6173967ffc0373fdbcef5a3f67af2a9530b5b51bd1fddceebddede58b77c28736f5ff1a3564396b1ff973f371d4924cc8b5aa189ff8e08e346294fb4ff545f8c5f9b6bc841e39e64117fe73756dd878852b2d3c07d9f22be39fe21449978952c4b7f9d77e67360c837fc8a0cc4b4c28476db5b0eb85d5bd0ac4306557f51251119a77ae9398c0c925785fccbab2daa76f7c299c04c8ecb204db8d393fbf661c8db3a841d4f04b4c7eda31e7fa28f54ac46d17c56ba78dacaebf45d30df4db90db4d012bccf305f9dfe2645ff30cfc35d66e5b5cf0bd2c879a6393f1b058134732695f42c0d47e2316f25014f981f623effff3f9cce4c625e1c0a5d817b68c183ee99af3c634580e7650b0e52646f8c058cf2cae9a1789aed59915d1acbfce98c030fb179f0dee84c7607184333630e9b28d201297de9cf2535b21fe128957eeb7b4e5b8e8234c2c4986b78cbcd3778f10f113a8ebb7970d2a9c260aa9811e7bc08c813ef5c3c45992858b705d96fe76a0a7645db22b4159cd63ab46885ead9e7226e46df189ba41f0136b4ef915aa0634180fb2acc2bc4f9b0b4dcad222cd27d36e77367f099d1b8adb3d04714847773ab06ab32fd6d62eaf171a57d811b28362efbacb485345f797346dd8196ed0f1a84496de65f37c78897ca53edbc4c298369ceedb546ed8d294665f41be61c19f2f5402cdd358f2452baf94ebf26d65efcde648f5fcd8926ff7afb08fc6b836cf59711237b7fb5f957c94f020c995e7aa238a236f11466d03698a381fd52c96d1d39def59982dadadd50e31b018b50a7aa043002257196ae9c2346acfd9a5e916fc986af680ba850849857b862c46208ee99346ec34cb2a2406e43296666bdbf7e591269156c0ba7125f87e61b9ffec5ca9305a21d1fbbee0d23d4e43c630509b265704a58e8f6820c58348922d0ad02f7daf143aa01bbd34a87d46c42414612a876cfd635143680742fde5142ff99dab9eabbdc4dc62b1d58126808117a6f17f4201ccdacb1290f2887dbeb05da8e6bf5c1289f01432f9290e4aed613a6ec90568ecf73dea3379cc33fad686d9deda3a59927a30430ec8eb97c7f118df457747e6ae5c3e53e6852136b98a16d236c7ca27318af9e5de3bed17fc4aa10e5099d7e2bc665e9975ad2a232eacbd8b8413ee4f91955dd51463539cfd2aedd00293a02f190dc26afd33807f44e5c817db7f6a3664fd0490a43899f0f28c8bc7dc03159b04c6c9db2da82469c00150f1ee01377aee34489112c7ab85d201bd069620308bf623326ea9cc0c4b2e210312ec2909e9a01df953433f6976649fccfbcd4428442fcc5a931671707083dcf0635e216e0c60012052bad646faa04198905a5414f622cb15a6955ff21f7c9c9d33922bda06fb646a78810f1166f854fb78e931d0e2713a7d443f0fc4226b08efacc2dd275f38b29b88492daac65b3941102b6b459033887bbdb025ec55fdfc3507d13c715ee9cbb0344cec94dd15ab804f36c39ddf30a93c9bd031940f84720c56111b39c0c8d92803d11de91ec49b2339e906c087610cd081f6dd0a9b273bec378c23ab8d4fe8b2853ddd156541cee32cb181cece3ac8122ce21feb84ddd3dceb6c0340fe0c834fa067fcca936690ccdefc14a295543121789fda500ee2f45e555fb28b3b94c61fe38c8738a9f775d46b228ba0879638216d3c11d1666997469ea1dde9cc3331028a4a38d6b53f882a1f702f3ebcdb49e518166e7dea125ca83ac30b4a665d2bbe41e0e2d3e2615224236437e77282a3bcc8889f0e116e223b751a6e507bc04f80459323412934849f98325b83fe3561e7edde14b9ecfd8d2aa2f94813374a7e1bdb059c70a3b2fe356fd30f34ca50473528ebb2045de94b58b6158e990f83b54e778fedeaf669545ffe3ffb6f37847fe1ebb59d91866792b9f3057c52e2fe40333bbf08afb732d1bf9f053609f29280c8f26abed797ed63ea82fdaecebc177cc8c79c1de1c7adaf5f85e91065e407cb112653d8d6167c4c6243c9867f631d23db6c75658bd47fc0f5c7c953423e3e4e376afe3894970534f0f328be862a183c8604be3b54d8f49d4f90e9f4861b59a1995f29131fdc2a1a816fdfc03fa608b04cde52466da95322a664a30b7a86e6288a29eddd4bc9e4a6726e78d9f5532331ff9fdf3c2cef1cf94ae44883df51d67a55fa7ec492fa3066a4fffdfe0cdb28a810325e17236fbf93d6d383f56e98710a9c6fb955d16758cc0a5f6a8a0b0dca354dcdd6208dd6c215fd1dca95db3754af7a9795b7f802b07807e9ae39b16bdb3637a87a15341f1b47ece3a33b786258ec9b894a1d0d081e175dde00be72ee579e070a8922c757ddda02d9f38e5dca5589cb667dd89717f67ffd1b7d0599e8ee401e349ffe0ea0bf2b33a1b50c4983477c333d3ce0b33b67a9d55bac0fd14653961e5e86f49f173ecf9e45a00ac82d714fe412eb063ca40fd92f59835c77a5f8946a2b9e5fed2582175482e69fdb8d34129068c0abc01e8a28019795dd09af8bd5e13128817edfe79fcfeefe8f16bc59242742a3c0a783fb06fb3059be2ee032b81ba6d7a2553a41b38a1d092ced481e33e03fc11703350a09a09c06f4ca85de1038205f4d00a0278ab32c1685fa6c33da54c2261035081198ca9f18583b1419d008a412f792ac021ad9d9ae6fb3044817a201e0a327461e9e8140edf1b0aacb14fc150bbe748743ca40e8f64606bbd191ec15b2086ea467777d8e91432159cca32e0fa0e0be6dc5047369726db89da41f80410d5374e022cc66800d85a3509030f60b4280eb411d003c2eedc843434ce5677ce928de854600bf60e6619f024b505e06050f0f74a3abc2edcb681f040c8e0ac01b9455ae52d1ec217035343130619c1050ac21d9d0b4cd70ad84c126050b35147c62f4cef3a03d58149512cbe4acecb4aaa7bd3eba658f039b82499101498be2dc9fd94d68747c3694ab30485d47f36fc9cf7ef1660c297b9f0f66d0143697344bc17e13d20574c01a0c1603be3007c31305200c5e2670b27d45d6e897acae301832950dce2adf8053f3309056c273d8606d01c53f73590355c48c18188427a5036485dd00c4c1aba16e90152880e7b751532bee3e3977e21a4cc18897dee5a4b72576b3249f0a811616da07eacd1d1b674778865b5e0c48bbdc32727e8ad08625ef9fb6fe24c3a102a38563b275b4f2a99a4ef98bd31da7a2ffebdcda0f3dbf3186b48e1bd0946a34ab2c2eb09540b866704548b1787fd1fe013f0014b65a0d313e5c8b1ea6051980225e6125b0141c9e4952e3359bc5706f0532c560e208af7af84805fc10bd1075dc884fa13eda30cfa11f69f9dff9f5a8b41a73b21b727358fbdda72d69b5a6903645f71fe17b54a39399babbae7d468d84f27d38673e05ca3f1609c7a66bf6608000016900000000000000000000, '32\r\n36\r\n40', 1, 1, 1);
INSERT INTO `productos` (`id_producto`, `nombre_producto`, `detalle`, `precio`, `imagen_producto`, `talla`, `categoria`, `activo`, `mostrar`) VALUES
(3, 'Spiderman Anime Manga 3D Impreso Manga Larga Sudadera con Capucha', 'Características destacadas\r\nMaterial del producto: fibra de poliéster\r\nEmbalaje: bolso de opp\r\nPeso del embalaje: 450g', '109', 0x524946467c370000574542505650382070370000f0e2009d012a540154013e51248e4523a221150a7d80380504b23770b67f000cc8b107f93d6631ef9abf45fe0bf70ffc07bb971cf67bebefba7eb9ff07ef2bfeb765fd6fe611e75fba7fc8ff25f951f3e3fd5ffd9ff29ef0bfb97fb2ffcbee17fd57fbc7fc2ff05ef73ff07aacfdcffc40f813fb1fff93fd8fbabffb5ffdbfedbdd6ff55ff2dff8bfdbffa0f908fe87fdf3fecfb5cffd5f656ff13ff23ffffb867f2cff2bffa7da53feefee7fc2d7f6dff9dfb8ded43ffa7d803ff87b66ff00ffe9ad27cdffe0fe557a33d95fdd2e69b147f9c7e52fdbfe697e557de5ee87f6af111f707fb8f66986a3847650f545ff93d20fb3fec01faa1fe87edcbe84ffb9e46df79ffb3ec13fcc3fbb7fccff07ef1ffe7ffedff49feabd7c7d6bffb7fd17c09ff3ffefdff57fc27b6ffb3ff459fda83b857212c2bbcdca4220ca3646b073aa568cd444d5ecd82f48daf1c05076022045a9183cbf3215c8571d8e81c832705699ec78dfd207b923fe87d7de3093f4abd56e9784b29df9f728e26cdf2ed5d35bf3dcc8571c60ad0309c09d722cdc0934ad1fbe63741c0de3ac945901080bd8b099140fdce12c81863a19247619042919ec307f0ae42b8e1b8fa08322764007f9196331c852344a1de90dd9bc91d0dea8be4f3659880f4976c6c9ad63f6223d789fd1625afcc856c8fcc5d946f3a9e1ab5e75b24c311ec07b38d4da875d11ae46751c739c6838acac873e74578d19516a1650d8e5769cb0572966d7792749d3af045fb9973cacf5ce5816c5fe9eea0f77064bf971d076bc56f36efaa39e3e9ce67df4e8fa591fde3e1d62d01328945208cb9b983b95c2002918ddf237667dd9cd41ce53378480728f30425afa61fe82b74fd661eb72d0fbd19e86417a2179c3c2c5c2accf2d013497ba4ae74c62af5a0aea9b27fa7b023368a31eceb770454618f19e3a28ea097bee60c7e330f628f65984af923df5c6679b891150d2bab0d7791b544a57d5ffff61e5ff97d6672b1d808d5807044c5905ff2df429efda911e9dec6159676ad9da578848ba6de063505a088123168b29dc7f6d71f062f586bef9fe3a779d95904dc2ceb1779aa333dd0a5309aa78118d35ff8bf1dcd72d0d0ef816204153f8802e17f8250037ff2339b2b086ae7da46c49a9e6682238e175295f08dfed76c90f256119deae860204d847db1cc7d271a7ea31da5070253668ce7c4cc3db70f21d2b7ffa1fb4e0a5cc71beca473e34fb11de8be2a2ec2181d6951c12f4ce2a1839fd27f32215787bfe02d36cd730d61fac0ef0144352fb3c0329bfb9cf58676655ea50684fb5c90d34c895d3399685d574c8a4b1ff362aefa86c366cd3e4c129a40c85c2b51a5ba27e7216e7303845ab6deab7ec406032fbee9384f294085b8ab9ea99cca27b31b5c7bd35c68e980424a1b01f29e6ba6a0f21bbf2f4ee76e8f604d580d0f6cbc14f001f80617121b83f5d7bd14c53c448a5d512e3c2265eb57f1a5708e52e43c43be42b8c1711c7540baa5860ad029f14ee6421407cd464778c7ce7eca7b8debcd7328559d8f896b2e40ff93bca387653e5ab0dfe3e3d9d48aef3295c237f4384b4c837c725d380e9647b3248dc55a664168d086fc9188b3e2978b0735cb966405b24f6d1d1f9dce48a6e6c813048be4dd0b13b39e9fdd88abfe9d6290027bf19a0d9822712c67c409ae06b2c9339e0c3a1057bb78018c6c13f4ad15cd6a71de6d062cdda8e22ad69879dfcdd7518dc0c504f337dd80846ca397df27c14b7f9b20805b67678da91e58d61102063744f70f9f08bbca36baeed692e06e4ef889fce168a4ee66de2198965c9fd615c90161516c7e1f3d2a097414444a67f1b51adf11706bfa8a8077b1ac6ef1b954b8dca979cef9d8320c13e8a5aad98128ebdd0e0b470511f1b6efd072cb66f45bfe30d02f094bd64d6e6552d4beaa26e35a231ef361302c32a3eaf0e9af333be0c72f1d79f37e128b01deae3ead630b18dfacf2f52351fa5975381e7f5376137a41dbc2412f696aab0aaa9e8e5397b6d5f5a07f652a15288aa5ad82cc864ddf6be77edf4280077db7ec721700b542d5d46d2059ee59aa6847238770c5710f3a8b55788546babfa9867f66c786ba5e5b581c39a6c6aaba8a9bd01777a03c1bdb662b1f6e19fbe40ff94fc4db7cd2d0563315e4db0543285fac775360ec698025cda7a1e8c018d959c9dd13d0a9bd107ab8c4669ea613555e808c9abf7da26a741956fa1bd9cc3da3b9b2843769c628da39abf140ceccc9133c295c77d81f377b306b0b3e91c7f72d74dc3208eeca14a3a4caca04641943b9627626aa0d028d0d07ee2c2f4e025e56ea12dc0d0438c536fbf87500e593219061d8602acb3ecf915a71af79e653a34f524d25d4e492add033de9a54c5e12d7e76ca26a6eef9d6003dac46ac492fbc18fb85cb37ea394bfa4d1a7555e9fb3cb67d30efb5d880a8792f4efcd9b6dfbdcd98863a784b5f98e256098c07561a14d9e5e6237075e442fea133302f94715c75d44bc94afaa2293a784b5f990ae42b4da75bfb24a195e4184ff73215c8571b0000fef73783a1f39f73d831169bb7713aed74a0fbfb81a1e5d70acf833faec2550a322c3e55066c8ace3246df12b4328bdc4dda1dd657d6ba2f51f9db5faa6a58d2da3e65739078b2be280d48698c69acb710d702f686e534eaf37520762fc1285060583cac74abdee56d1a6c62f9ccb9eb1b5c7961a1ec756840d75660170e3c7b29ea0409ae6661f17674543015db8f86dc1221e1d72be6d721f6a3122bb04d5b7d527c8c55b3e3fffaac07b0f8135d8cecdde9f10578333c4c22f6b1990a93e5906401725464acc2133db6498dcda902126c504d609f1ccb75cf0528e8a182e277c2b85263daf3703399203c43c2ff88031f5f334f876e14fa4c85a965b47e1e1e1a063707c7a777c4e338dbb8f9158dbaf143726011e3b7a9102b62cbcaeddf8a6a40c4e5e770efe41860889de7bfe2a94585c187df79e9cd4a0c1ae91a33c906048af827a9388d1f3751e0fb90ab5bb3e7b464a5144bf77e2973a4589cdc1c1ecce4df643a7cc97237600131839d0e98ac11f72fa6090fee1f19504fa342cc6b56c7a164b50ffbbf63f644865defddddf99dab287a122ea61f0ff9fe506ecaad0d52888e59f985d0f47e63aae89915f52e28103f052f9212499de65f8b4333e2215662acbd377aafed6f3fb69d9b068e0ee4a3a4069ed2986acfe30953d1173e2e50585edf2e9281f4932132b09c79d2b6f7dee2ad0415573c09d6692aae7bac00be6f4b1ee4d414ef0052a45e1a84305b61aa81115a603c840b80c2ca009c2184755863989cd4cb8d6496e77c5e4e5484bcdedda7f16de1915e363d458f077272a40ffef74601405cad7aebb782124dce53c5eb53e43bb5cc5857341df9f837c8a17a6c786569a0bbd6360bfc2ed2276eb7d5d9f201cd7c949e09d6e2811cf039ef24f128452eb9203baeb307aec22e96743520b2bcc219583634f0fa4786933c47036d40a7ba585d322ebca2703f8f4cd31ded48b5cbb19972ad8a5c4509a0089bb49402be9adba793b9e0b019b8bd4b0f9eee496079476e3c90e9ce0ceaa56eabc074bcc81546a6ce52b6476e93e76b69bbc920626c608d0d4884fe356cbb169bf10b6ca499073d9ffc2cb5903ea513f63d445f9c9d42e96828050e82c5f9e73a762acf42448975329f788f848178b39611de3e0e07666b0ff51f8b214d733163ebd5e1d7ab714b13f5effc2c117fb4fc72bf3ff6b189464b1fbfb60472f082aa4d14cfe822a580d7e0cdd9e2003d831164c6e2e9a9d795df833ee5cc9cff3b49da98ae737ae7d219baf24da3ed3f87ea1cc4689afbb49516d6a87687390b20d246fda951b31b253c32570e3c6e24f7bb393555c03bab389ce816dfb3bc2e8e031dcb6969a29d781e33412a04af6d332b5af7ddc5200dfbed24515cd578742ded7e6651d9d46e470ecc4242df5417ac447f32cd748b7dc0200d19e997b640a768b5437f36a1ccfad07901c37221cb66c5fed7873bbe02044981bdf536f25bffcd193f3a90da34b10aa974798dd7db9ac2bb702c90e82a9a23b4a28770980022a94d9d6925d4b434dbb58438790a36a21eedc5b4268ea7b6d897b8aff33d345bb9455781da28b5075e3d66814d3a3c30713034c356648d093295f24c58d9c8ef255c466871b0733883e6debfa24b33a740f99cda7855355cd22f3b939905ac07d9851864cad0a94eac36a2ca84c2b1efe41cd790f872eac78821d362358d610b3c055c9ccc5805a0079c1ec01e3c5b595b36b7cb69fea13464935b261a3ac3cf32df3f8019cde595b997c93a377548e50439938d0b42894c18e920c67b2cc56103fe622b598adeb6fb3521fb6c0d3a8cfba9180b29403c691205a719058e33f3d4d4ded7cc1dc1119c022bf34f923391311c1fce84f7a89e0fedc1a7ac6d97a3270947f78b231efc58f3e71625085fc8dd9faa4ec4c3ff8acde5cea52d7064babf7810dd1e2c49df55732e46ec59e5500ed325040ad0a50840f80c4634d7a0227d1945ff35ff675244019dd094c043770acf5681d9fe896c9350b6f015647f41ab6da8863561340bc34445c8c84749db550a138234310d3930f6329fd8d289ba6cd171ea0f974ad5d02b11710d975356c35f13b7362a8dd86c7230853d8d2563dec816e068430f51201961f233709d979998eaeefc8367e7905e0ee01bd58c2a858bcadf73b291debe424a5bd523e9f64eb767118edfd6c26953ec3bf1d02212fadf888ea5e156a4686a090bf24ada95044736e1ad383f5e470d113d34624394fde2e9b7a4f66c78756c1e76ed39c8052598dbeed6c1881a8c74d245177426042dd720635b366f175febb1730efa7eaa56788c787c93af9dbc30ec3f535ef9c868b7b499fd0204d38c85137e5a923f9308359d4dd3df2db42a78adfaff07b5b6fd113d0e8c2e1ef723396485c5f517c13c1f3f43c311c1bba1f240ece17cae36c8f106eb6dc2bc1418128b63b565960381f3012494bfca056d5948def804c7a860c699d4c0de0df7f0860df8665349ee6b388393f251c7102f8e7980d82cd9da0360281786eee56048b5316e9d606b7115c21e807a45d9a9bb22502b8e7b1021b7e37ab08e470d5df794509704eef2030c53041cfa9fd18fed408c14d4edf1604eaf5192b94b7e55276d08a5e2856f253732e7981bd272288b8c99664030eb2f75a300fa4ebc7d04d96d9d53ad3744871329b36a082853a4832eb4b8d4f9e0a47cfffea1d871e42c12802bf5439e52c9a2f82661c3b9b332aa9b1ba607d45e9694b73eaba9bd53f922c807e14c3dcc33b6b7cb6b6bbd8dbe95b66a13d8725bbb31a402775aa8d3a50f8b2931d01b1cb0f004b42954a6357131cce41ee6473375853434d0968ea0de1fed5e3bb17e19cb8df568c738a1edd82c72b2e376b9f4b2e942fbdab3f7c824dd4266994a2d39557d070d635f2866f39469a83eef71f3dbd28b9a19e69b59e74d31e021a62bca39e0aaf2f060339ffbb8fc862d279868b68b69a6ef0c1a3acd923c5f22778f58bde6f6690324e49ed1397dcff43331d5b327e62f7b800991d9dd8b8b228cbecdda536120ec0d71864adf86e0e25ff5ad0883f019feeb94eb88a1ba4083b896922a78a37cc1b9946bbde22f754f179a3aae2780540fbb6b561ead02fdf9a7bbf4c5f7beffbae5046c63049c051bcd9cb389b6eb3ff3b1fc5957f19947c0108dff054940e67841353e4c74c9893934fe0d5984d57e27cca0ea02c08f4ca02dabe3e3435fc0bafb5ea91c177922b88fbd305fa4cbb32ed84455f78dc9ed0d7222cb2cd851a416c6cf87a3e8261b202201a3449761593946ce2458af3953d18a18009692d3d9579943d2184efd03dee6d6e3f658bff3db0da071815eac0149c371bb32837857aa868cc70e7efae72b5d351d6ebbcd78ae015726d1b67b2c9bcaad5a2adf67b7dd1a05f6566ef648c04f6dd26aefd8f951ff27b38c08c9aef1c8920753349f39af6304a120011d002e07b8cb85f91ff5eb264d1870dab2b466a0c7b8305e0ce52cd1f823334399ddb8fb3920ea4c0cde10469c12a124a7533c2cb31c8d5a140234b62142f1283bb4bdf0ef835a36f8a0c2695e77151815a917db6d3279ac05c0bc2b317ad03ed379dbfaad3ee7274e55e1d00ac15e6b0e2be813d4aa169a6514d9325a1871abe17224dbfa803bcdad154dff0252ac8a603821d5394c205e5e51b539cfd815957ee155e0c4c3dcdaf77d657ab700ccf48cb44df75a336d0ab8796ce6e1e87a14171be76bdaac58ddef2dbd570b41d6f8a59a7a1ece07baf464b2c7031f2082c2236cdf10e54419152e1e09268641131fac82a4437f95a0c8b1539489c0d95485cc2b29bff6b41561e2743a28577cd253c21f7c51bbee5c851c2d0b52a7896cac11a592497f83dcfb3e15553f38afe432b350c68e4512611c9623fe45817a2a95baaf203df8044745bea5d970d3882b114fd9259fdadddeb34ff78416d9fbaf209940262617596bda950af27e2d16dbd122535585c0f9d12cdb977322dbd09fe0adb8919e33c99f6d0f72c3a70217837288fe7fc7f19276a69f9a48312148b1c49fedae0e90de84981892c23b5232c95a01bc3c84da2cca92558b0efbf67340a5d850db8b0d5ff22935e81f85d2cf10239ebe7b8af72db3c54ecdc29725b96da5206d563f88f35f2aa83c9355adfe2312c222f8d2939e45f068fefd0a4bee7580771d35caee363716acf404b21f1d9977236f2dd1252cb93db13d518269fff09f1bcbaa2b2b9f59a5267f232a48d2df99f5411d79dd85286c8821d01f14e4f652a24dd46d4ec4f57cfe410cc4708b3ad9388f1c4ebcfdbc1f06a91323ff5a03b1769a81c18eb39c55590c8d6d08f248536efd59a9c15331b1174a69f32681ebbb2a05ebf6ec8eabc8ea027fe689e6221dd05d94868074559fe046b19bc7f2ed8720623e981b29ad27741deddc2aba428599872e4d395cf0770022bf1ccb0ff078e44d3e4eaafa56f4a23a8789e6d9c7a83e1c0f5034f6927a5ca6ad290d52e33cda2716568081c4521a17004e1d732ae17a06f528f3b5b7255fc84271205d8f6ee50043db595263e68f68de6ee6f745fe415a95a509a0297c8f060e05267e2d6d8e491ca38f988db9cdd5e11f1dede7248731605f9550a3d03495b42cdb2b732568ac7d3e032c03250889c33b13665338ffa09eba16a7fd91bda5ab323b7764cb5dbc6f82e5e21ac9e4bb2e630f2afefa684df7cdc3baa52319ca86efcf933aba9579e0cb9035c188ad6eefa3a661e0c2b3cd7c6344eeccb537f944058f8035bfdcc037ae629e921516be5ff5a9e9c6d24dac53224950ac03b49542000b2a58121f07cbcdb03d219d1cddd9f75fad136ed48c2a9b8fa10ed8b21cb9232c03f771cd0b558ef72fe08638ba45080306fa186386bd8fe7eabaf73bba301337e96decc667ba115f13c89d6be6159f609398b21f5dfe41e86f5a54a70d984c0cba5e745d737714f4b17f82927c36b81453b6698defc9d8f05af1029377f238b7b8df6a89588982873f6f5586588dd949af472601400521cd18f93f2366af3d1fa24fc7ffc7d3a98a4b40bf656f63b9c3747653a57fc91722ad0a02f05e647def1147e6f850f8e11f7a7fa874d12e8e7f2618562e9dc999bbb19b5ab5828ce6bf36ff9e6052bb3591a8d11323183736471a422cd0af8600ab7ccf385bac0a5ef30b15ada95516377f261cf1855397e01c3feb59ef47a95d2601cfac5bbdb848e8ba398e9bb67db834963702fd6497374bb6e54531230cbd69a5ccad63145104ab6eec3e7fad83cbe173118216f51ddd3f48b54ff645b39c312282fafd8321a2f30efc2918d99cdfd50247a1d501504e7a065fe0078d672998aa3c15d365b28c9dfafb9dbdea429ccc431e2a0b20f35b4f1f2db10c787144b182480ee9a785a833d3f1ae6c9b9772ebe00604b5d7d29bd4ca31b1de60faf19a4429d9c6cb08f77239ffe27590312a5f63671d24f80d282a87e7be5997f837e295e49390499ed568b32f193e3c856811495451f6eea968ed826f64c84784f4861d740fbeb3e38e49297b0ef68f88c8c55dee8412332068e8a0cb5dc5c3e96f43f1e84fffca9c44300313763e1189e9c7be9f3b535ad2663b845bfde011f2eae390e63a90175fea9a143e6986585e97f8442340141e2668f49ac1e692c002aec370efcb3b2518c84ae05385a7cb1a43b4bf746b3c79ae97ae5fd59bce5f306a71bff0a296dc9cae17954a5b3f909d3d3d1755539a2f2c4a7e86f23a67a43620d3a968b72769eb714efa3c42c51ceecd430fd0b4149b601d53c8a176d5be6efef14950b6b41f0c48be26d5209572cf8cf25c5a4b494506ab1e5a975cbbac99fcae0a2fbd6f0c7a31a0815f20a3e7d2ad39115176b5ea0239b42609e746c035e4682d9ffdcc2570e1f6fd1038dc75535bc0bce1f4f104af8ce665aa03ef44d7f6c54ef2c1703cdcb11bc83eb2e01ebafce216dd8ea52f5bf14c6828caaecb0a084c5fe5fee9d2f913030512dadad96285e67301f14f89c7744d39900e3320335d30135c01d4d94ba9c4f1625735cc97b3ae7205727c15c0fcf55d6866a974386d391e33557f1decf3656988b1ace2eee206b6089e4a16a3ff46215068484d9c6213965d98009c1976649a03aeaddca845f2103aa5b7fafca7dab7384d83aeb688d3de66bb3b78f47c77621b356aba03f717a445d5cddb146feafba26c69f750f99fffba955317e4b1e68ce50e3c770cdccd96135e37357d697230b2fa0c4b4c8cb5fdcd07406214bc80ee81d430c8bfa5507206534c405b452ba5f4a96c5803e05ffa7300ee37687e8f80d4abd85c28c7c85f84d243f961d4061dee464ad2159eb509bd71b92b69faa6bcec3bc0c702c9b8e687091b2e8131a5724383a4e8141c267da31090910675b91af847c397595f06b31257cc7ea6c4558075653a45fad519485e6d696ec3688ff5a2aec2574abea02e2c9a71bf5f6c9bae49adff85b6f444fbd1db86bcf36007c06e1879dcdaaca2327222735d4a17beecb193bf4f15748268f26cb7682dc359f15043b4479f250b0496b49eab2e4bca534cdc220c5203162eaa055dacc96cd12248096ec5d5c0af9fa16d1e745b56fd97101f09cc000a9485de294de91c1781b4d707734e1aab3c0cd1be357df7a1f49e5d202d2b172bb9500a38c710e0f69347eb8c21183339140a77e135c77cc5d1ab5ee7cc707f7be717f3a4519c3cb9e397bc638e83fc496981d9b4c55578e94c407a2ec3e0b60be1a3ee5d6f490f76a96cd67adf153415290a2c9b58f70df72f1d2e9080f4ee9a64631b8f1c5a5f042633ae6011eb114b9a9ae4cd0d094e0a9507ca4948ecef8ddf3b57598995ace45abe4a8e51f608036e8442d65955d0d802605cbbaae1c3ed0a6f28ed4aa24c8f8fc02817b381e2536c0621448a1eb9faef01c7c8f8ada46934d1fb515bc4284c0f260a78573fa76eac61cefbf6b874c9641266ee01a9bb6c864a38866adaf5259cd8a90e33f13e4a5714b8a9f2630ac35747899407ffe77aaad23764e20910de6754d322ea8b06873d7acfe1f974a44e3d2d8b5a70a43a727bbee99275a7cae43d97ed8f59c3ee8470a870d02d7f26ae3604d37f897104052f2291ec8e766511b694e47338d94420eeb98464331494f5ad314f9e2a91306969c9ea0358027a8aaa661a8d21b3ed47afa836a04ebeda0df8b7de5f4d3cb60e8fc984ad757998b9bff40d218ff4685a6eea12077ea486c1016a19103fcec649ca6ff6c49d5ac84d75f91f955b39c558e7a3ca8636b00883346e6d90bf183c4d7f1bdfdac0bb15c64aca497e30b6d974901d938c3a8a127ead24c5fb293e3d2226ca2aed7a8acba2cae4d2c4d48f36e85f2191a383f04ef219fe8ea4f84da00300329b0aea06b9af0773831cc841acb261b713dc0f26acda247862a392debb368a6e13c86cc90495d07a73bf84e90ff104a74efb4598af842ae34176b7f246ea54a3369d12888e07c33337a31f59a5dca4182d28be7d0c38b614fd58f09984ff6ad393332ea472c00722a4141b05be23b07f3fd77865d66b74399d8d577ced4ca6a9cc85eee2da8809dfce2cdacb3286fb7d3045dc0ed70a8481cfad3f2e9a057c039835d1e973c08998a7a2827849d3a277747d019f66e2c297997ebda7ad0172c628b59ee9f0f6cacfe93b93400509d1ba3a5f4669a6867cc3da3d88a473678a2c97aad1be4161145cf544710b41377fff57e3dfe6feb87b59a6c138e4847ce59362180c4cb45501b4dbbe7f09ccf77d71efe0ebd29017ff216065e5a9d1962212823dbd218495771dec4e86b1e81b7849f92f7a43af9617bb4a5297ba63b64dcd87d022b48cbcad684397278a9a463b25cf33a88cb4fcedd2e426c4959bbed579e1d28b3a3c2e0e3169b11cc274d0280720d2e5bfa18712feaf48e6eb79a8ee7da24a46929340ef43d0c50908fa2bdb29a5d5cfded9ccc76722f4f04d19673a6217fcade0223f618e7f7caf640d3653cc530bff0edcb4b6da2ed0ab617fa42ec10d68900a5b7657b882189ae1b9e8e0593fed2f5f23ce2d201b79c79681f34b9396e2ec61c5a804c50302ce2af774a55cd7e337bd0319dfee86ffbd1081ea0c738273b0b71c92782f40526a05293856da5c0bb348db0a912a739a6f7b0fe7fc43571b388430415fcff98635f281ff1a48c7e43ab6c3d538782d89c27dc6e9d67c2f4b670329c7247700bf402251ab4606f817a9bbb781030281bc2f52e6b5d70fa3c01fa3f383214f9a7a2167a3117f944e85128321459c97fd73c08512fae6178f6f5dabd570ce70f3c80b06971a7e65cd27563b3c40d8bb3c7b2b634b94b36c6c9a351e01a4cb9cbdcf088818347331cefd4c9bde159a22264867b3d94925b57d5e768332521cf3625a70349824f357245af550cbb027ded0dc4fcca5292edb35e490f8891b882ac1f66239b416dcd578ea1d4bf343ae47dec8d8a32adea8cda3cb5945f0947351fc642db967a39e70f7cb446972ca5cac57dc715a09c21945d7a5f6bbf97b8a33264b1950ddf7b320028c3d7cedda5f15da8ff1f5e9ab5e1ef82948ce6a36f120bc64fd550b24d05ac2eab9f4ab721957c3b88fb252db06f19ca4fb4f8c9e2c36063b3af6068fa946e8871da45857bd6335b7c73925efb021da1561a4aa4633bb75c47c9b70ed8e630da7ad896f131154a85984cc118f16ef566a58e3c8e1613ba98d0b5904d746812d777b22fa9acba8dcc6a81276010096bf26a1af033989c6157a96d5068c8ebce952c336f0b97bfaaaccc0185ada52289bead8766d08656d00fbdfaa3d033d400ca1eabd8760d5b9a6dd64d6874c88cee61a2589c4c19c817a00f9949887b2c02462fa12676a8585538069264662636fa0f8d7947f2c53eb804c3d785780577770c8095754181de1f1b97dd34f3a253aae8c2974d4f3062b3de643290995224a4fd0a74f61a538c8a8634414b45eb0a3c2fcaac9f30748836416248d004de5ac4ba83fa9bffd8f15e1cfc9a9ea98b356679b205400cc90cad5cfeaaf1aecfdf2b51096b0a41de12343f6756c06c6d9e5911ea098e08ece1377ddabfc09b729f17f47c912b6ad6503bfbebde3f0a747b337742ddda8c9deedf89468c2762c3dc7001e253d4185262b2fa2a3be75d9ac3e04b7277373cb98e23e1cbd04d67ae06ef3e781f43a6e3125cea2d0ea89f0621dc5834a6d3b84b03e2d5583f8ac32180146cabe5c3ce6665f0451d748b8dc7216308ea3ea8291e05931e41f1d4d19383fa1d72d07bf0af9de9c4e6715b3cfc15d20547d8231f25b3a21e6227bf290e64a5c914f5e47a1672d9eeab581516addcb2f11755c7f50216fe8e1d409f07bdcf8b3069d77bb1d2a570a49f5c959fc10be4cdd368e5731f0adfa7cf3c4b734d1481794292a611638f4f6e2c3c03968634872bf8befabdbae69d9c539b6e6e1b56c92814030fe4d873df4fd639569151e81c52cf4e3d34c5ea2c24b7c5dcf8af995aa801c8b34d2c20256abd681fab26fecbe66581232ba46dd8b46f78616364c216d4d85960b352f5a4d3be0dbc1ea49d4f37cfcbb4d6becf8dceb23acde89c2d78e91a53227ea0ac389e0ac3a6fb83a98c61d4ba57d4b46321acca6cec91414fb60f48da66c6ab6a29afeeded424fcc01b207d00359706eead74f0791a5bf2f76afeb6b34b68205d2fd7d9a17e82a9842de550fdc0807a11c87f108c6ff957a41692cd6162d5159215467b119af0aff4986c38ddba7e2c4fd240b31d4b7af6ed009071e6be7fb639a16d772699b787c9acba91eeb1668ef8311e4c9afd18c51a84f903a861c59d08700b4815aff253a823de898ddeac6338803856e5bef7a14e2efa3948d240c563ff1613ae4acca4bb2228193a168283d0ee4231281edc930bd6b87f5e0d56628be7850c572eceb39fc3143623ea85eebb2b73e6475429880a825cc6a35e2f82d170d03a75f51f38987b3b5d357a428d80d44c3569443d9725790dade2c3a533838b861e517dd92691c7b91ac4d0a29cc4a3aeeacf45d850dc0fe99011fe7562fa96fd8dbccc647341e98b4fccff78e410a9c384b63654a7bdbc526aa8226baf573ec3ad4822146c6548957ab39198526ab0350076263eda3dc9f4c4b551a34173151ffc94d7213315c48afd03654fb2e79f81a4acc28acba99efafc77b529f8ba9c06eb7c7394db8b4ab7778f0c15b868af879be707c76a8e481bd7059b0df9abc125a9aa4ea8098a0d0711743ae5ba4e4f0662a6641b83899d82712824cfa5f91f2e07b86f2bd992cd3395519b09920145c3348033b3d1780b2f1db2a45ce5b918de866a5d1fdd74df8f3b0ce132e2a5db07d3041ad9b85cbb359ae48895f56e102cfd2c42a60a3902620425ecc5df4be0adf2d808b3878cf0c84dcbee4582430f034ea21223fd3790c7cb46d77eb8961b255e3308237306d7c3c098316a7ed58c710ee50f7967a7fc332d60e4fdceb2992eec9e09c0d029862db4fa0f9a28fbc1ea069342884a6b3d3d37f676f04be391d32ec884b5be2bf0da076986b7d6581c1e2ccf794dd39b7e407bd5db70e41e1f5b9b858ba8a189427b019568aab2883cd9cacda43616251ea90fc96e9b4485fe6e123e38f2803432f0acb823a202ff7ceae2f311eb864beb8edac7707a32f739d9011d32adc1483e24a629ca57175b2f055c7c4027e67b8cbeb2a65fc5a97bdcb002a2a8c21a1d4d52332b6ae7ce756c1a2daa46a912c0337ff01d176f795c4b57f18962ba1df850c7eb371c0c5cd67f7ec23fdf70db9c25456000724474461de9ce4fee41b7d16bcc6f62446af1cb3de9e7fb83e5cb2ea16f62eb076624ee11cb963dbb3f2bd7a5e655d07a44bb33ce3967c05cbae4c374988a6eb3f30f32bdc23efd3c6991b74c25836cd9cc8ab087075dc048b0fdee5f912f51b09758b501a961095105f89c8fd011fe73ca800cdc41372bec19b1b5b14417aa11078e508d8d6313f61da01018d2fc5e8865114058e94dd24278ce30d8ed85a95b9124251e0718d42e6bce948cba5476aad3df8643b8d9526bffd7b55b05b8030b48062ccbcf0d613f74053538c9cb74b75fdb4486e7595be254110579dca160b71b0ec96582534e71b4781a04ffed961d58326ecd9ecad4db2b979dbd2c3a2f0e8d7942bed3bb83ec51b3ccea3252451a83adeb5f762f4fab67b34265c13c6395f8ce8c2dc977c2894291966029851f3e6a0abca1d10460b3c26b0b0ab81881355de2aa59c06fbe8b7689f259580f51d570a6187c72a3c5c36b28d159acbf1023f24ed587926db5d312de9f9a01986a4421b5440ac1d60b06f78533e565777afc9f128e6d2410562eadae090046603c30b2b1f30b029e4759bb242103810d3da5377f1c043b374bb2df070391249c2d8ee48ec6d4d1b3424c4ce7797076b2f4092e0eed32741ba86ee50ab86a63326ad59eb19e8f70b92f9ad9633e6952e1ac547fcfa163b53d117bb5d9c24e4d17c429131faca5f4e736188ed5b061ea5ee6ae39621a734d699e3571a18ddd41389a99fa8ba186e8a0a7cfefd52a82ecc247093e9d5ec133ce9a709c6bd5b500a4539bc91adbbc21867a018ad92923c2e1705e4b783fad5567467669ceb22ab9cc9201908b8eea93303606fe9ab69fbb2bb5405ffb6a8c48b13920ba6347a52073f77b9e4dddabb7dee38c16d596e1996f555702380e909cfb8ff85f5c729a9fa1945f9470cc4bcfe6733466f5219839f6b97a6c479d94054c0afa361f69a6a23ad684a9f75a9554becebdf06b3237560e712a288ae7478d0cd1af03e518294dcb1985811fd4184f0770afd64e6dbf583a197668f68cc5c70e61fdf60222a460274ef416bccb7e46e804d62ab38a057ee9a7e23faa980466fbf9a1f30861fdf2b6e73a6fa51fe99bf70789ea72ab2fdcd77ea1692cd9c2f18cc72beaea2267cff074e8afbd2d2df002491dde98c4eeb207904a17aeb7df937c146e64ad5ab7fcbe7997e0a4793a8b5aecf9e401bddba60d3cda7eae66506785a0a3cfdd6fb0563937a90f565f887628253403cbad618bdfef52e4f644ed4fc26590dedb162aab4090a45d7e5d7e1a38544fd5d019c73e6ac75ab254d98fdeff1ebd459ae989e801bb79066a70e13acb499e818b62e63ffb23c5f111309b500e4506afd9db786bed8b30c17694d60eb815093b8b5afbadfcc64cc003e276a1406eb60f0ce09c7ee4aaffe138bbefe3029d72fe37ec9c7050be0e1d3b671e3c9072aed8aae89a97cf716a9d6646fcd21c4ed83b032ea619dc25556739caaf0601ff70cb5ba48cb1b408206666f57f7d460196b5e9a35e311f95faa7cb786cea2d9f97777bf8c42b84058f3fba58ac88eb43a971c358b6054622435a19edc4f82f5e6780dd1019a66d46da30b60d0adcaf071c066757e608ca9fac6ae21d9c5bb5bc289723f911cca79478e75f50fe313534a1ce4150a1f178cab7463ccaa3f90883ebb5c8d8c84fbcfeb16123fa8c4e32164550d755ee8e4901ce8a8231145f529096edb259eb7d4c68bb59c4a1d3a36990c15423f4c045ac077f7a470e898b77155d7dabe7ffcdcc9197e31fedd0c154a4687683f470abd60a7f470686a98a9d791ae4da89fb2b7901574c9e0188b1da8f39ad44b2fef16dfec0b65efcde83c2f6d8dee42a263258ac3e1410daa585f6f503344079f59725173de07da23abf227931beceb45b80abedd452116154ee6880dfc553a8fad46954a90ef4090196051ae9c1c129a44b00a6ca17db1f864a382c1157876782a097fc0d86ad5eee94d68a5afc2a6a31b2dff615e3b26a7951617f71771f150594cc2a5d1a6d7976733a8adb720b2bf0482d3bf7fa2f60680d80871a2ceaa0b3945a5642a66c59af828eac6239952772c5a8374ca52a00761da7bbc0979cd8f21a31108e00a6f8d80b6e15b4125eb713c0c5a3870691922c93fc22c557f605e9e4cfb98eb2ea01866f2b9f66ab0288b728dc82a2342be90542f1929b813473b93c2e2df9a3807fd3ec83fc63fd7c4f3de9633b0b96f416bfcb8b84e7e4a7d40b313737f81d01e9912f7eac829a359e7d20b01faf020edbe27785c8f47b68776eea4043b259c66126977b4646472b94def5f955a3b120473b766c1983b132aa6ae103d9fff46aac6d1fe126f7947e8265a3c576843430675857d96b18f8391b7a5cd0d7a2822df35e2b729bcab1ddc829765d65152611487512e0f618d3adb439cb590b679039f8c00437dd04aaee30539e696c24af5b60dd1876e32336cd89434a900584ff928f3570d2d26515400e644df31f50ca918b9bff4278b44ddce4bfa73660eb677305169f63f8715335138a50158a88e3cdcf8c6fff3993ab7b23172fdb561f0975db87e08158e0739a8896a03a6c1264a60a89e996ede11af1de2e73e18ea4c5c54796042dfeb3ad2bbcfc7386f1af44699973307b1bf8b38d8350bd398bdb467b4fd6d87e2558cba968b21c96f64f9b866b9d401315744982c3b04fea3e9da11f2a458e17b5f8be187bf3e3f75a99eaa009a1dd93e603ce013acd59dc0b4e40992004c3b4928e09457b1cbbd253e723eeb012868c9336da90a3a477af36b5b1cb4aa615eab4abe91125412bf7f364390b7cb9439e34eda7d0527b5a8671317dae5f3a3e24b90550e39424e2139777ec350366e76c955627bc5961bec9dcd231988d02bb79699769aeb315c1186ea5548660b0e137d460f8228b1e29edc761d12905a814d77ac1ff9ef2175cf868a0125c1e09b70525c2eb6394b56477a217a6f01680fdb0189088ce2d2b997e823ced7a691edcae64d384922f5a0cf331d3d1e5defd1e73f4cd3a8979ed99e74bc588b3c8ad488fe43aab28f8e15da29ad87c72ddb708bb018d24ee5fb8f5532f725143fdf98a80c6deca01af74b63fd8a6d46c371e8aa7dfbed10618eeee19af6fa2514c8c57c110ac51a876eea8c3dd98baa2993ac7fb0711444dd485d3cdcb246daa82d9985d338fae810a0d6c2a077c31d52cde2307ef4f948521f99afceeb0a15639bff884a6dc7d5bd55ee98d6dc14345cbca043e2499df371854efa71f7b16462bea215a31b30ff929f7cc5d82a99dc17ac4b35a381b099e1ffecfd18ab18d3046d3e3359f5605c6da3cce67165f474450a2e8d903e8942e62c3cf5a6df76a6711053b7799b6ec2ea1b19b6150a4a5e0ce09416e4b006be52bac7842ed69553815fb94ccfc23426e3070fafdaba25ab55515b7487560e3aad4da9ed31795e6c085ac69f7e3bde4cdfb3f13c3c33bec736cea656883d75f6ee2f168e21b6226ffcd900777970889c90f4d62a090a13f00b294048e0269da287c9870e220b27587e28292af520de766d03c6b9b8d8a7208626f273c745f4f6c72c8b16718ac3ca69c68bc766c030048ed467362b63e9b2eeeb40eae6881770fbc68d13361eea3a2739262bf3c390417fd2276f0b705fb86d3cc98f8dd72d392c08b636ef8bca63bf09d17a7a2e44c2252801658e4060555a86b4a2d3576638a83eef42a3e7185041d58e17fdac39993e188c4a0218bd4edc088a51759b7da2fea7c05daf12b2f73c40831143a5d516227c2eb8d5f9a012699e0c39a155fde35f3ba548b2c7d699a2ebd4dd175b250e3853da5fcdc34218f01da3d3c719fecae9180cbb3f015e44a049263a4c827aea44ef3b1cb6929decb028049a60242595c8f50c176980375915a043be077e2fafa75e3ca2b3c6dad8f0d27c4d82566292efa7087eebb728bad8e5c08fb9b4b95e10e0d515bebbd38640949941c64ae43b227c37f770842debe2a144af83a90169f15583430800bb6ae7256bd56bd7f894320789d6c0e4507008483545f131fea5909422153fd6cc3d2fd661f1e116d63814ccab705d7e012c9b3b677bc9bc49e07fd2cd866830833edfffc93735baa4cf7992a0498b96efaf4a7d4003ff370c213540c6e34b87ae9ce47e36fe1e978ce1e4a7aa2c0915bf42d19ae3e37e1f3a5a4d258abeb48f52e83a7433e27d9b2c55cd7855a02e7738fdcc3cbeec12846a6b240b0df79916da12e620440e7c4974334c3f95b145617870cc008fea4fa07ff2b326e3169ccbfc7e60253392573495667fbf22d4d0e037a0c4143758e82584222a23a9a48fbd1b5552fbd35bb1e581b2ad67964a6df6370a24377874f9443b1084811b2e37e8b09a244c33a32662dddf6faf6dd7bbcf645bd12ee842d9a1194a01f5330158f0973c2dcce8854387a874c701624813f3aeb027bbe332db0858e51568114a6f6b38e3701754aae366d56e61c9a8fe8089fd7415b8508ac41c437332d09c7f4e5cc280a33b772321279a5de7bae2a8ddd6c8509afb57c28d5009951b56e512136e5c03c31fcad034d6c2fd88ceff318aad240595d1ec36d73581215f5f1fd662c56efdea924e33b6742ce035c1a075fd30bd533d6b3b3bdde4e9b9c147e9ff10338a89b1564ccd8c5ca133f51fb520409375b6fc0f06fa765e51892b8718b949dd9285ae713abc81e5d14b019166ea3c784ed69515651679208f6d6e5d2e651c5405803a17c8e26934df87ac529c1503512590c56cf340c4192083384fa4b8ec59ddb7a45c5d690319ed6fd8a2a48b9ea8c4b3f6bb2b78cfe0ff7d4ac6049af4f90ea7c19683e68c3adef2e74c1e461aa0cd1a1d4201f84151de2e68e42155ddbb31ee93a11177edd45ce278ec17fc63d7e73f1aba197856c3e0bdb3f3a7ae488da1ec5fff04f812c40019c44a2dc96ae7e4d18345f8fb3a84aaba2dd7a5a51152f70d7858b626755e1e643b497eac737303a99abd8ad610de8b563ed477bd0154a5953d344d4302dfb34e86fa6945000839e66b9260c20946460a917b67a2ea0a672781b731c5c7df41ec9ddbc8c0e7ef124e89eb7f555e4e9f32749e3f709dd0f901ff6f84a604a078ddf21f983d39354aa0c759473b473b6152fdfe1b52a7de9b5153e768a89d4457036048d1031c4624a2f74cd32b1c11e7fef407833d2200d5e283cad8e2ed8960801ca87771725c6fc68ee19487571fc0f2fabf73c16c352f11734d579cfcf489cf755cd18ce05b6bb910a75e03cb14c45224cbc935aa1612fc7de4801d846ae8ebe4905faee3e3eff69e9ae3835797c484c9339242e72795bcc707494e3ab8394e4b57a2e54d9d3d7bc5ad69ce29926cce37adc34bf7946d47b2e80f36f9073ad800c612d9b21f2b8361ceda67625c73d663991d01e253691405cbb6e567c80be5454dd7e584dfb65797f66fc9d0545a5fde8290abb4027cf545360948c08b42ffc23e52d645d9fbd3e6387fcb3cce765b18b108015f1000095553143d2b9522b3adb829614e700abb9fc05e522afbea878de242dab0f5388a68fbb6c29dbdc3923b403774428900b1796f5303e6236628e347cf1771a85a04d62ccfd9fa333127b3229fb8f34f0b4123bf307f0782446a79dd27998dc3b0ac961025481e79cb4f50db946d748b84ad14eef0b4996920f8a01618d3c8043f7bfd3ddfd4180052af6f1985bffe90ecafbc5936401f6c461b6a3994f1b8c35d507d26f510f9b68981f50dd690eb9b6d234e32c7fb1d2750a77ad905796636e33630eb15e9a59b3867a0b9269a1592aacc3b631572d0f67024b85054bb9b4aa42ba8dd6c52db6a20965c3d35b73bae36c52aa4554bcd641ef8fdb15e31860be8623adb68107955e14693761db81b7c334dd195b7d5c90ea0d9ce16555ac69f7db688bc6bc4bfe2e9327b8e60493866e50d90b6ae0601baa464b49a00b73fbda98b2b9a0a28d5d6b54155e8133a47dffb8df62a364044121e3173ed54ba609368fabeb7c119a7336280e6556504f19b8d8610c7b09351804c33dc72e112200000f87d4b9f67e748a81ed671223da842d961bf5cfa735bf63025f11dad427a7738f9fbfcfb2cb9bdd051284f9243fcecad7cc7f63ff8ea5d1d092510f2611ffe2ec3e0867775f146deb61073740647534d92bfec6139dc02bd398f24dcb99844f98c5e3ce34dd98fc81dc5e235432ec4bd76f228dbc472d12db2f4da0094e9fc400d1b3321af025922dc9069ad62d848a15a9a7c1c1ac2351e2c3b3f72cd099e8e672c746821db9030ce691480e8020caa21a70cf304334f06d7adbdf703dcc196a33d32808f2f882f5695b925055ade34d680195c8b1b5f078ea87ed82af3985aabe2cb6aa447b7b75d3ba3077fdb045072d038f4e61a972199d1673556def37e1ad43341c2b524e4185ca9ac493a9bbc5b52ca59f9630f4e7c9df732933659d5785dbe0ddd9e2236b1be847eaf42ab2665c13de8acf3f92e3c749b16c499962fa6ac7eb42ea5367014ff0a417fa21ea3117e1d00000d1ae27dc237577d715ba184eb0a6fea54396fa9a1e9251160e99f7f483d97c12524fc73a948e1cfff2055501a1fda98b3127f9d43c1625707b7c8d5600ac052c40e4336109789a1abf94f5789baa99be75a690271d259236d8472deb000000000000000, 'S, M, L, XL', 4, 1, 1),
(4, 'JEAN PITILLO HOMBRE ABRAM CELESTE', 'Características destacadas\r\nJean Tela Denim.\r\nColor Celeste.\r\nProducto original.\r\nPlanchar a temperatura media.\r\n98% Algodón 2% Spandex.', '119', 0x52494646aa1b000057454250565038209e1b0000f084009d012a540154013e5126904623a221a1221319c0700a09676ee16c29d14dc853cef594e227917e8b579c259235c07d377f97ddc3e603cceff2dfded7f84e999f5a0fea1ea79e7677db72dae2dfec3c1bf31405f699f74f3a5dabcc89009dc4bf9fe7d7da2f34af52fc4dbf19ea01fceffbd7ac37fb9e637ec3f610fd82eba5e93a303cdfdbdd9820a9ae9688cadbc9eb6c53d2bde86bb416d2b1173e2940af1f0e962461469b8ce786254f90dbd8793b33e85300e5bb3c766474f12ff7bb205810ff969da90bfb0eb2e45c01f679d02199f7f777949516eaa804d0879ff02294dec19027120c58c58c84339e0209214be51e4ffe4601eb1bbf5a2aefa1007d0ff4b6d19e4b76d8b28d2d018e5299beadfb7ad8de63a3d9d9ee11b631e1e7a0cc182a062fbc2b6490a601deb8973e8f9a8c4d23dd732113b8ace8798ac6abe4cc02bc038f98a85fd99f510837f1f50ec27192f3033d51fc385f3fa14c03b9558f16eefaff5548f01bee50124133aed494be1fbd24663385f702c4b83391756382dab73e7c7edd09cb59ef5b1cd599f4298072e15a2abb1a8defc63161a85bb58d9f53f43e2894819343ac0939a1b08b67656895ca40608fc18d1d2bae7de4e1ce1accdcf37f6fb700d248bde21662bdf4ef11c37d1965c95f0fa8325f7d190a4d334ecb7fb3fe90f4e2d0dcf4224a6d5f21c39285300ef37e635c01a92152f68bffcd39e41ddfa3778cd4722a03c3469c45f6eef713fca69133fb95b1f7916d52dcc03bcdf978847f91b5ef0db3e1c9b2888bfc57a7d257f9a4f56340900bf7026a37e5c452f868d96c425945e779bfb875aefafdcbe903d61d9a515bc0049453c0931270794e266e2a1bb292eea32b2716edbda41de6fedf5ee14b55c03bfae169788990536f345183711251adcb4f2c03920698c9acede0cd92fef0775fb72933e444fb51e908fdafb5dc3c6849d4c3b9b81cb398c329027b6182d5c5801d904bee2eee7d0a603278db77ae05c42a92131bc8da3e15a49bae298ee330c3e4fd634515e6a7b757fb87667cfe62a3af1c21d2946b8a7c81b544f738238b79f6cde0dd26d47e99d8e8f84192e71e15c5333a9214c01dd7173224e5e98f128450a58fd33218365ab07280033d13d982cb3d44794f496442fe56e601cb47998a9aadb7f2817c4d82dba249e83a6c4660ba07f8847e44e01712181290a62e412429807046bb3d7f682d3ac23957001ba57c1e24f2c0269a359929035c9eff16314b561c4844089db500e6d5c03119f4297e476f2bc35e0e99a8818b6d9edce9f14819528ba47fceef8ba1683b0dd2f799319c564f4965a1625c116e601487a1644e5023984dd67d3374c00f0b2f896e5623e5e74b6556e4828c8c9a7f83bcb3bc811a377295cc767273c36fe961cc0e8d9e7d372bece47cc4d2a1014ad25a45f70ed0f976fe6d3a32cc6d0ecc97471c84c5ce4421604aa2e74d7fd06e8116811bfbc0ca30429c594c03bc74ddeda48000feff1fbc060f8d7d89f5a6b605a727947bb5875efef7efb2753fcb5be24e30fe4473b1d0133d7e80e55fa402e720daaba7da77e6749b62f42f49e9ceb6331abb3b467a874f1c07b1c1700f66e82bb862aff43e36489872f06fa6abb7b31ee90702626ceacf01346d542bef6bfe1e68fbf9f0036b1c87729df1f6966486f87eaed9d6ada8db65123f8bfc1589be12a0d7fd7b312932186eee2bfb95171f37026d3e6ce814d7b3e89f7055e377073ff760d73407f9e2e91e515f5ef94d0dace70c26eecd164cc353531ac7e6ce14d68f84f5618bf626353b2a4c526c35d289dbf58051f89c9ccaa767b888cd4161e5e9e7e72dacbd8246a25f2e36d46780e3f7fe54131dba6682a50a1a4a5da6220d248eb6f96601f31a3d957a0fad3e5a71e71e3f1a22f7edaaa6cc14d0756c5a4aed5c480fd64cc65e9abcdd4e9d6ba8a4fcdef29ae5cb057c470059af25dffa236d4ec15401cb0496c0cdd2c3078178390dcbccad35debd1f837af5c8a872328bce69cd5b99015ec31085570da2a104bd67961b77f6062738d58772a888b4aa7dfee9c05784d7106887901472374da82793a66152276604df602257e1294c07f723dd78dd8511f9ea5c78c5dda5152601cdb0c3c0acb8178a7113dfca6c4a5c2e54b585c720d61b8a8780ec5e78754e1cf35dc39ca82f6f975945d15f8f4d08c6f3506b6c59cdfa02294da338c9fac177f055ab91e9959c099702db90a1d4617cfee744a79bb6490c030a78fe76c42b64b3d9311af38cbdca2bf694f69700dbd42dd3fed1864f95218112d6fb86c62ba2233f79eeedc50069ac0b411db13922fb143ca263a295b6afe7877b0e05497770ac9d3f251b0cfd713e7fe87f5d8ea4a943922cbd41fe9df5be8632ef1c7ab663000fe7f6285a263e8ba3e04030f265b37a210ee23f4a514f1f4295d8974ea44410d8da8459acb826638545b2dea0d90c19c278bf18339bcd01a5b903b5848dcc9f3dae9fb2043a6da9f84b6e47afe52f5c6e9e22d57ea8ccad23fa0becdb2585e2bf3c177ea721736a06b742d9d2a92116df95dedfb1e982c018ea8b93f805307b94c5f200356e405745028c9eddbedf47cccda0ace9918eb5b969cd35df42ae9257808b840c2d0fcbea1cbffa5303b76fa02bc8d8c548fe2422637ae51604e10835279e97f7dd7883fd0f7f5b526f3290b870334973a46708666efac52bb7c4cbc45e897cff97bd18e1d5b99b6cdceb7fce4c1ad02bc1a79952c8f35e83243847bd278d1dfa4f85e4f7d2717ffa4325a61e7317e937f45058a12188f6f6002559ac3650528a98f0ef74e02d946e3be6e4bd0f662d616ef8ce6baebd887b837ce678d95df2e2b631032a8f2a2e64cdd1950da755f8422cf1bf8924d88095c630bcab96d199bead5c3678136f9a9465b75458968b514e8290f3373a45310901392cd0d4ab286f7cd3206421ad7dcad504c5071de3c22552c78b6fd7acb3dbd5b2c6f504e4cbef23fa4f50c77fc5fbc4ea79d42d9405a34ac4310e5c07cd9c59351ce76b86fcf98fd3aaa3b85f66b2907a86373bbdb995b18c1c1f015d773a1b11cbb982d9fa31061cdb1bc45e43c2fe7f359f1d02932d5952cd7a5a2966b600cfecee738fd22dff0b1cc7f8f5e021714f5dcf4d934a70e4e0d924c0b5c279c0e943393069ce92da18ed5826844165d6272b1392e04878cf8145db87f4a53889dd3cc44c64680b0ad7054960780963aa069839ac6e353abc321aff2380031a19ab112ac63f1922425ea32222c61a6e1e737fbe3e681dc40e3d8a26067f6066c40b19489e1a63f397ca97fbd359edbcc9f591f889fbc6ad78edd64c0ced226113b6f577064f67a4461cf1314731fc75c0a19f6f4c1764c48d7a281c0e4aedb43f75c75c49ccc93876f8b064ca0fe2e0a4583126690e79b85da6780682d1ec03c6a2f1dd0f8056258764c556196d6978b4ae6e8c1ed44fa81f51f0aa5d052a0fce4ed6ebb04eda6380929d8b4edd3531346321e9ac0f2164b609d6968e1a6ee0de1ba9c19cba0e8a916c9ac45f3c0dbb0ddafab3f1d8dfaba68bebab892397907b62c5cd2c6a1b27e17e879b4d42a07b52f514d78819afbba31520adcba21e1f82cee7e39cd0b51af1a6f7bbb28f39e0b33975ba91f5d3e327f619f0028ca31af7f4c79ed2b9ae107516a4c45a37a1cd340e814a82c4d1f8f29029c4f8cb3258c8f560c3b48ce9ed34988798f0737dd8e28a8b24718003200be99dd1a47f70d93b322866bbcf66de9f7afbab2944abaa766ed3e77802165f19a69a2d7aae4fe5e374d9db354a76777845883e82f62755a15ffe1381172d816df2ef32872b61c9a56934e6db256d721d2137e571e4e9c950a34eae4479cde8e3d72731c2accf089da8cfd68ad1c1f88dee812ec39ae6100cae76b0e733f72cd2d25bb598d87fa3b9a051a8e5d652e134a0bdd38494bfdb9fba89fc6b71cba0fa44bfc32b8f9a60a8a698ccc6e9c970e631e52edfcc3b437b1d406cac13e796a2ead51f1f08325c686293d9917adc0d844d4f6dfe70abd06ebcfbf1b53a0fb382ecb07e716587ef32707db7af81933116618bd709e76e3e343158e1e979d2b5e5af43e7ceb8f057981a4f00271a35a3cdca3a547778cfefc58abcdf0089b519e74d3034116e6a016b1eace8e8b8f2882dbf29369939bef3a944dd1eea8e6179269fcce88d286993b27e6a8b17c458b54837e3ed3adfe33d06d4707589b7187ea276292a9e522543a300875e6dcf14b97a7a5d35f537c19ecd3b97853335c7af161e5215043b1dff18258d2fc5e1c07f5cf2f2986909beca51ae7836f3aab0c2c15c0c5190f6f20dff39f1c093c36583db11b88020af99cde779cb8695d7d80b92327e20dfac83c859462fd98080fe5acb6f75c1e636c51b5cd66668f81eaebe5451780afc78acc27fe1a715c6d9caa1328f060dece66125aaf1ce7cdf1acfcaeef6b8f0707e69ca3b9977457bc824a774df6465480223c4ecee8d2a1b56a4266489d6ceb6039b8ec42169e39b11db5b4bb37c6e0750297f5df65470d928a7ace860f755bd237be8f6f2776271fefb1dc99e8fea2450c789fc573cfc81f00825dcab01ec2e7fbf661cfc407aae9691d98f1c4a07c903ce71ddf1ebbfe78b3da538cbeadf53c67654b42d2ca7f093cd237302ef7a3387697224d37c62387dd705ced8e60f6abb4018ffb6a2d95c7961491f9bd9944bf47f8d7e5bf167960236378bbccf87ee4bd8e5a1f6c2ea7a9f73dea5b7c52ab97c383eba03c108b01fff79b59ed2db8a2840a0e977c0106c7af9f099d258e3793479af53f4ef90c7c84a9e0fc371c55dfff624eda0cff6fcd672d535242f8e5b8d1af1252fdbbea21251963b31e823a597fb478aaf43ed4d25f918c923bbedc960a3c8c362179633974e842f37f9b1f5c9c66dc1bd68c791f56b944e334b1621492b775e1e72e29950b9a8539cb4f96b995ce7be19666c578206e6492432bbb8c6f1532febfc3af20df66ce90a40d7bd32cafe5132876d14fe4e119e17ffc3059d41139231f104c15c1cc1aeaad22319a1312284dad82ffc804678de3e1cf39dc2054a8c45225c93d8c189170c76df3b27bd8517028d6179d3c6c3ad90d470a5ae883d25d76fa5311eb03822037c9fe231793da40a62a48720cabc576695cf4440aa9bcf077bcfea30119f632dd1d41fd071c223b58d5500020c1e1288f265b9e82c369adc93424d3906f3bcbf9cf49f5200b1a4510834cc5cf41695d07582c022e132b00b7ca6b8c688841bed1b24d04d6747f7903e4b488b82b63ccf27b360ecdfd9508ad5e2fa14aa63dfc1681495b5d749a12b9a7e313c1d7d7a7fb905fd28cfe1291e0da6770f835a63616adecdce8d6c093a29e0880ff0f43291b0d469b0584bb4ca79963f00496a63d0a9e2a64dd65a91d42551b4e75cfe2cc0d60f12adb9fb0663daf5c083dfe6f843f00db7dde28837ae9a39e7315ce8ed1d7780ffa837f653200ea63ff998164139f14e595c42b52ac3becfe60f87598f1fb83ec1e8ab9796d3dbf523e90381f620009ba65c1dd4f40e5d4f2808976234a8ede0767130f6a91330846e97804edeb3daf23d80824b8885ec87783de9becdcf8dc98b8284b7e5ad33eb0d64bec79b1d168292b3c50691b71bbfa7f3dbcfb3bae24a5ec0f805777c86aa9647b03f4187ebcae77c17b24b8b728605295ec18a766eeb32ebd31263d1e360b13816a809a81ab68f43f7bf798d576f5625c12b188e1a3ab1833aee8152c35c7f1f078e82b3596b214f003384ca62fed9def81e98704ecc829ee9e149c208abc130ab1d3ab6a9cf689e42e3421864b2cfd4079567066c28b7a0ebac157687394c5b8e24e0239b1719801fe790d95f25e10d2b58aadce6f50936acb56374264ee2b3f2e7a83dc4fe85db0274f24f65b5b7ce70917370e3ef3bc2e9c7662f37ac8d22d46ab0cb59cbd0e894618d5bc8580d523eb81ef85468359789a4497d243f1b07db129391257fef925942a3cbebdd85133095b533a7cb99ec42e95849a1dfd2eb78a94bdd40853dea965c4268a2a0de91c201071c535c98ad1ad45b9edf5744413f2f7bb686b4f09bbe0e774310c9556aefd992ee5a40587fcaf6c7c8d15556e2005a6d354b783c1ab41f56c828bf5b1e842e11a836576d0c67057748794276f790d8886ccab65ca7567808f05cbb2293f1ba1c9e27b24970b4a7eea0debe217b1901632a94d34ee72aa06cc053d755429cca28471cd319f7e33dc4533a900f1be9cc27c0e08b9f684ea681ef60d2d01d2eae169936a21092ee7e08a50880da131d99254f2210c39061b89b54cefe858b8159bd9bd902ccf091fc494f3498cad5008b995fa64d3e0ac84ca97375278afc80f766afc5c3199501a62bdbe9a34f7730e0ce1b1725a5fc95dba9e102a984c1263aee3ec01a4a64dce023a22f0aa3db7f3b8d7bf30fe4a19b7302f7ba364fb5691c5e5a2b537f30d27198def81c1951843d4dcc539efbe5c4f0906b77f46608bfa6d696ae7e890dc505318a5679b1bb963e4ed0fd9831892af51e1d6f24755fec54d592aba908b5f74cc355b3f6dcbfa8d5ee9087dbf85ba86b3dc0e2a38a57b1c1534b9f3225a18234e46229706ec85b6f67b866f4f40e6791c52d69ab1ed2f3e6305abb84435142a5a03156a7eb753bc0e53a173d2acf8e9f88dea8704a6a7577a4e0193185b94ad30ca7f733d1dd57b8441241cc001b04f8055850f04b2e9eff8a7cf06d9b42d07fff1e718b28664becc443b94f4d7bb5278296993bb8aca239f537b1e37719f959470357c46ed868c5788875909da366e45f994a8ad3390710442e1f5412a3a9db514869b5d95a0f5ed42f0c16f16864129ea1d5f8eac6652af3f3f4dc1eba81494caad81c9c60b886f5f4d5b77b1a93e530c3d84888d1079a12bb8b21b36be9fb31f335dffe726365326e8298ee02b1c08d187be6254ea3e032932d40a2c442c1110e86394db9288c08309fd33d6420682ddb394371a4286482b4d180c84a65893c3ed6c0993a70098851886608e98629b07e7f5da1a306d47605264ba6c4dee75de01493df4766bb2b06294934e43e54b5c26e371fcac205e687864a3847a16d2fde567bea5efbaf89f2d9111c1e70acef21a324986ef75ec9a101f3bb0e37c9a45ae5a322d568b6448ad4aa74fb6fc46cb80e85767c44a42e93b2fb56e5e68187c262b8b663458845dd6c52785ec0423d646eb2ca2a96437d6156ebd2ab20fbe2a404e302e97ea6cf7026944433f61462b10dd7232b1729c74f1149c6cbcd6972efcab5a9e6abee0ff65f06d9b0258a48fc064eb5d8ad311c520af5bd800e30f82f0427c36d1d4364ddb7537a2f6320a6ddcdbf4829beb48742a7f1adb055677487c5d61f1933c5a1b7058e989b15e70476b113621749b33f743a04db3c1310a833d2ffd2a96d8a10f5cfd7be5e70e373a3045e8b72bfc01c119792783cc435b0b06c6ec7bfe058fb5d35688520dfc899bc3118dea8ec93f87a8611c5c2260dbe2ebd7f137dba679487de23ae0ae1682fb0cd091b250c7e208c6ebf8a7767d3d0e0defad7fb868cd81be82ec3ae065f1d60b3827787c55d06b11f25c79dfce1cdb976317d31e81ffa5b3537c41983d8339f911815d323190fdecdb1a47b358f9dd1509a09837eba5cc56bd76a300a9abb6be540ad21a457538bbb2c53c268721723ef3e7d36397ebdc340f012ba094975fe720bca8bad4a7fcae092dceed583f1c2e4c20d27574c9e38fa038e7126db4ba10889280d72e3a57e422dfd82bde53cf156a83d5aecfd5b8330cc4211459597f8d226f2c70adf9fcc17d8d161e1d5eaa655132a2a741c0491cfd80cfd106e4d8506797f3b7d44ec3b6c5288d9b1fd49e21f6ae239ddb931a751a182cf40d625fc5e59588a2845529d1237df24adad25f5582a22e1655e242e180a659126c48504098c824ffa50295c8e0e7b6b6c6a22cce369c287e50925ce6fd22045edb482352e0e1c4266734758f364f64c0ac84c6550d3a92bf28d95cde9fbef96c87db03ea2287597af5afdbe7ce9030e77da0a8b311e117e870dfeea225c8d1efeb4b19248ea5e5735cd84d17db32fc1070cda883767fd21a883d852a2dcb11e764e58dbddee03cb8a0eaa62197ba235ce7b83f1fbc0139f82eb566f7a4681d5d25623bbebf7d245dbadff5867b818e16d704c002ae88d97dc4022e81d8ecf5b428ab3274905c5ea9da6b214c04c2137c7d5998968fed4990fbb4cef228a7071bd66d53e9a574834712ac07985c50ef6ce49155344c614c156a6e61029ee5ab4c2f380263cc073e120deee65729fee304cc330b99f70bb12c9f4be9a8384c9b09de2817dc9e87d1a5deb8b98e92bba28159119900b82f0926d7a2b93d0e3e6ca63e0489f1f7d9d30a6154b70dfb6f877f0ae22bc889f93f7aeba7d0f50a5b08af8eea7425f5386bc4e7b8e3b65b974592fd814c0a6986709310bd720715e202640fdfa5bb8404ebe50547c48e2d11693f5ff0ca1960c37d6ef158de61be98f6a1ac798238d12d56899990219367dac1e658c69774b68d5a459c7749feeb4cba1bf03e5c6edd7a001e8e5cbdd2748fbf5c7d47464bdea05b3083ae820f0b454e4b85689da45824d270da625af120a27dce3cc0bd83b0013f3d2b1e1e80392b909620acfa5e8b7b8e7c1fc41d5fe971b981c80066a03eba32fa7fcf7ce6bab60019734bb4bb4f6f86df5e435c8cbbcbf4d90b2768cbcb5700681530929465db3d383b0c173e557fee8390e22345ea52fa946cce5be3a6038d653faa63f91b619942dc0de7ffc02eaac440f59b923381e9d9e846c86d45b6e0c34feec8d2d0093a97acbc26c08c116cfba9d35b9eb3f59916fafae66780cfe0ccbbb1f8198cb62d620a82a1054ec55a48897fefa979b031656584573069090b7bdb4babb1729753bf02806bc86fde223ad23eb5d1099149d19e452aca7d7eb545391be1e0e62ec79e9124c565e5211b9fcdf0d49ff4edbf9d1def9852ef57263be4f1797cda381caa1853c205283990b6d1c0528e0a94789a3274e2f5489d7f5e7f8d1ab4952adab08c311cf5b5585f39d76d47a710635848e5fd6fe6641f313fb844dd27c6c9931a30b3bed40d19fb8c7aad3139d87aa8c818e70dfd0c5483dee83ebe718b2ad85619c6f966a09e2fed7fdef610faae3a51397a1f5ea57eff6ef862383aae694aa1409e8b7e09b5cdf44a471fc30d3778ac354d57f32161571c0b99c42ea3d13817a3d68ca0137eb33ead46eaa1d4f4fb19b32a25d3191591ed9dbf70bbd0ce1c51b85aa5595fc82d514001a352795df8ddcbe1d887003bd868622eb4593f904f9fd2f63204664fd8b5e55177a5e288c342e972e585ec7762af2cb94fcb660ca88dfc88cb9b47af82718454dba654ccbbac9983e9fb1d3fca73266ddfdbcd6468cdecc0c0a4a70b62e715b1a0c07ef1cfaa9fd9a012460e5a16f2d5d9e8985c0f7a69e2a44007a1135cc0b21715af8fd2a7d42b00ff736eaded9f1ecb91fcfd161e154b756d71a21ffa1a0e0383c7a1bcb6ad4007b5cab42e20def9933fb558400b2880467ec798ee6a2f069d44fc44b864d1ad36fbe95466f8731b0940dd14ec125e152a4acf4d9bd0d8a43a7072f3e9aa3ccf5f87548d0d8967a947fd083796acb22b4c0bc71ee8ecf8aeef37105a0e28d65d0369b81c68dc82190feae2408cf1be7a8c6c6b4d2a36da07c43d0c3a3b98875be1774f9d54d971dc384b2d2b3aa4a861eec67e059a9c707b30a98da402443e5e18f2c3a604063b2f2703a5f397d08d1af7bb73e13a7fa9dd1e1cdf1a16216f35b00ef8f6b212fe436a494308d78a56dc932586b769cecb8194186a50e9bbaaa7540a6af5f7c603a50709d9cee7d1d98688d5da622b61f8aeffd70b46e0b8191343c19dc71a4face9fe1d1977f0b62de6602b49616b53e0d2d25d8db1ca0e00000, '30\r\n32\r\n34', 2, 1, 1);
INSERT INTO `productos` (`id_producto`, `nombre_producto`, `detalle`, `precio`, `imagen_producto`, `talla`, `categoria`, `activo`, `mostrar`) VALUES
(6, 'Sudadera con capucha suelta de manga corta para hombre', '\r\nCaracterísticas destacadas\r\nMaterial principal: poliéster\r\ngénero: masculino\r\nya sea con capucha: con capucha\r\nlongitud de la manga: manga corta', '159', 0x52494646e22f00005745425056503820d62f000070f3009d012a540154013e51268f4623a22124a2f47aa0900a09696b3af1955e5133a8f9367faca3131b862ac46c9e027066bdd1932d72619a9cc99e746fc3e9c76ed739d79c26fb6ef4c63644d5fcc7ee17e4b7a4bd84bdaee7a913eee2ff43f9b7fdc7e70779bc05fd99fe9ff3139520037e89fd9ffcdfe64ff9dfdb9fa39fb8ffbde96fd9dffa3ee03fcd7fa27f86fcdff8ebfef7917fe0bfe67b057f27fed1fef7fb8ff8efd9bfa92ff4bff4ffb3fc7cf7d3f517fdcff29f015fccffad7fc7fef9edbbec6ff707ffffba2fedb7fff23d38ab556a003008c17436ae3a58e1e4ca5e846573e22c0f8bb88ea860bbcd439f5b0bb00bacc82fb12a08cccb24794e1fe0fa8a4bb7e5679a3bae8d8d12eaec4f6865be217f7bb83b7a2ffd1af80fc6c8c3683701c489db6b5c62150257b48a934127795c990abcb184ff40573ba53761e9a0316215fc1056d4e19e7ba95e27ec0ca1f1f594679321f79e1a3203b61174dadbe5d53d5dd8cfa506b4e2da5a133439dd91ce15919a13c81dc5c90a9dc17878d34225adfed152a435ce4d8b200cf101dc175765181b119843d6b0e649c64709b6549107a0aae31c0c96da93f4bf0dc3684c7b8569fa553920f86b7aadcc1a12ee8ff7f6a13d5846e6ac6674a1ff8f60840432df450e895bfc2771d74eff9fbbe5a5b33e41fc9d2b383140f835991f7a77b05af502a4f0f5cc7547c65bc5abd8eaec7dd0840fd4e2c7bddca64dd17e9742d58f7fb493daa35c9d069ae6fd71d5ae3ba4963d1e5e6268465fb4a31c7adac69070f0735a061301260eeae817c1d903144c199de13e334752b2ddd0e402566a776db49a747a00db45b049ff41ae9ba8b69c9fab53d4aaea6f15777149415343ad4abe0d98f8ee7ce7f007f52ea7b2fb4a6da441e1fdcbcddba747c1bdeff65d89682dae91e4033fd1878503ac6618ab7cba3a1184c070dc8cc6e2a410b42bfed211a53df860b2e365b2c802d780462f5b59d46146d62e87a66b33ca18ec663e95d8e382c18ac56310801a948adf5ae35ec2f0a8c16185b9560983ff9fb4bab2486e4a5836aa5734a160e84b050e788dbe22a8e865e5f968765a82eac3a8ff0292e2c736b3ea053c72107f3f98d3e4f35a7acbbd6b5233902a32a6edca302af6233265bcff63d87f11c830faf1013d0b6e2f55c532ed7316b12630747bfb5df7a46c1d065f1cd4c69248a722de9aec85e2ecf03d253e72a7d9b5ae5265df2b59d1874a4df2778c461a2b435d962564b668a761a1a6f88041030cd16584a5bcfeb7e9afa806c639b8b888a9a7ee11d1dbb24e292df450a72d4d2a899d74510a9ed4a844894e673147cda1dee5d89c38683ed0d852934cbb27cf08638b9af89ac6a832eb2cecc6cf3221fce20bbfb908f4f74faa015e5880c34b0af46ebe1bea193080508da8060029f7eb604d6907ed5e044f2aa2e6cb6d37f8755187e86eb32d0b0decc087a15b1951d1766a1a8132d45b35f40fb9155da6816ca0ae3dc8318801d75cdd21a35c5acb6ea8721e1bc0dc61c61feb1d174ab353af8d442e1c4ed28da806b7c8979db3c4b4c336d026170478a86802c14d63ca0b7920e0f35e202eadb8798cbfd5191f9085e5877accc94d5c7f7c8711416eccf5d0fe866e7e34a4bfd698ffe6193e18d310b8549556e58aabc870a69989a3684a209ec2bdc2dad4b668bbe2af48e523c2eecbd34f824d1a12c8081443d7902a1dbbba61d6055d9726a756abc0ac568101f1bd55784788fb6f6b0f0fd9079556ac6123f07a396f365a4d7659d6859e879cf4124252e70100f59ae7c814fb8e9ab152875848b7fd210e1987a12623591ef7752093a86577a0e4dfe909dcf1748368238b9913117e52ec55274ecbf0f877911d9079a87aa1a968a340036b31e7dc482ca3a76280433b33f5e455635b1759c80b8e787f7395ca9718b1ca042453224a888ffa2cc8d6e7e0b5809dbba5c3bcf7e79593e0d29e2ae3f0529a6717d08766fbd0534add6728960dbcbee863e35d17f54b42cd6527b60cf434575543ea679115c932d45f92c932ccae9884a6ba42ea2b119b69b284cb5e445c87632d3aad40d9d8bbb94cdbf835bb630de20b7822e5ddcee21df9345bb3310bfaaa1ef45ce372aae2dbced9e9e39b995d33ad0dbefb1d36fc1bcf700adc58a2c1df457a3fae44c9fbc976170762438c66ce88c8efd431fdef3d3ceaa59d6b7af2b39cfcb1109a9bc7dc6a20ed1edb71b9513607d1017ba35e8df945a6e5066cbc881a6e3e2fdd8e3f90f5f6ac8f82d6c4d2468fae156fef3f605ec0aed4ff504bf1a3c35cacabf1400b504cd2ae7388f74adc143b757d7506aff27c7dbd4ba12cf25201ddd2456b9acfae02e284e5d12911b1d4e432fbc9f7fd5ad6f60f1526e2c6e4a3e7c56245892e08cf568dac2fa868a920ecd98fcb19d89911fd38ca44e1fc251046dccf98005f16d172195430581afde75f95700cedfc025b32297620182c7d6b19eebc2bf9681c44fd60477111b95cd6f74e10b5a6855c5f961c78d02d4708b4a8cfdeccffe5dfbb244e6aff16093b88936d59fb905568f40aa19892e3f6b8e0434d813094e41f9e1b65f4c461baf65c19e02d3a5aa545d1cd626351d385671d3b7f2da7501267ac876c240dfd4da0718d1d88e4fb84832fbf1d9e7869d10445d06bb18188b3d1490362e91f33fe000d5e827cd57fa3078a898ea33114f51a09b0102cfe45aa2530c6eed9a1ca69b06491bd78c7a378d40a0000fefbc748476d08794cbe06e0ed3e24a6785c08ad49aa7e474e921029f5a8d89271917c7adbdd487807e7ba850b9fbc19ed94ca696bb560d311a611eed20da814f08627b577f2fc99c3622df626e68d5550190c9e819d68009d0e4c7efae1e067576ad1cfa797afa9aa4ef4ce75735e8252ec47c5da215d14432f52db19ec7745cc0d224326956c4e7a2c245bf7ff9a9e7b871bb05f4b247f8e3f0c25a5797e852ad343191f4fc90f3e408fcd2b79d56416f3550fff495904772950ed5569dbc12397f0571624b48853362c4138372b07fd1006823f39ea10cd8b43e5e3fd656d60d1f2dad729d293cc1eaf403fafb55cdf3e9b164f575bf61780881284d3ed8987ff8c28ceb69272dde759d028efb53732b2b218a941810933c69006405a86a9fa3775017a98a57442feb4e765dccb7de8ab130dfbb0e451f2db633819dfb787aa5e973f7fd8aae79a381385b20f5a1c554cb95e2433c72a7c189b81de1ee23be426c2cf1cfc52608bfdbfa559c487ea7c59f381e0cbaba96b5f4861eac76a21f8dcd402b5a33672b1b05420475c5814efe3b2ae4648286f06e8b8e07b88f5f17e296532ad3c04c4fa8c53c99f7a2184b50c90a5f494cba2344fcce9aba66f5947b18f5c1f7f7263274cab2888fc5b3685e91c884d111c510b6631c8577e066638354df74968886d0e7a97a8fdd0b1c6a3392206771c50d59c64bc6b0a10ba1fa4b9e2324322cadf24d6de600af20c075984db50d923e2dee478f1b01368506bc9a8b0966d8943e09c603dcb1c5bb4ab5a7afe5ac977f66b9a162c29f3e4363b1d47833fc18fc3c904e46c754384a5a5b8456d478490bf53aa848dc7817cf889d4e69e69e0d96631c6372c5980208da472d1017a74179149cd6ff946e3f65ab19bd6ebb47760062ea8d8c6e174193504a1e9e0c12f0472ef02d8470ab2c5e4ee1254e540b04fca8f8d8fc662f2da0384d30dd523772ced1eddbabb7ac85e4d528269ca82299e6b06195a55b777af719d6c9ec5e7e2d881fd1d244889e7824fcc7190c9318bc7fda8d7c61ca6492a41feae00baa64f2c6fd3a29d055c1885d8520e9dc7e936fe28ba3895a12b94357906383fad7444547625e56f2f6fa0c8fc43a2c2a28866301b6d69c9602ae77ca3cdc2f90b472faa56390179f46327c8fb53aecbf8401223c99c58e89830ce32d6c98f0456e46618f156bb3d105b4e4a01cabc52c92d7c8ae061df2e9b6f6e1e19eb7574bd430bfd8bc69c9794680258831a249b11aa7096d9a4ebda8056e156bc6d26e5abf2bd5c501038806539c53cc487c2a88b2edd87bbb25e6955855fcd83f95f3ef35c990e6e2f74e5b1a72ebae419fb73f16e2ad62e12822fb4270fca1b55c4f8c5cd21a5e5d957face08075a076d686a13a5df2b13db2251481d8611d6fd734d3700b91467f0d523e10f3e639644dc34fb19fad415f9123083cae9c7865912850780f485693a9c69e2e0ef17bd199786fd0c211bbeeb1d148d39301d87a7f384e79d647f1ab419d685ccc0b0f9f313e6f2bff00613fb00ebee95cb063d4cde71eb73f6acc45ce7d6dbf8e2d2e17cc90aecff64a4262dae907fd3ea4b7b4aa3d0fec7f144ed898a029ce47fcd47b95aee9eb2207f8c087006b051c6f717d51f7f319b0528d2069a7966948063b867b5ef7a05c09cfe5cc8fd5f475dbb0de5044478d36b10767e506c57a923b8d25bedb2def3143dce4e8ad790cbb5159d4a82aa9d830055a11f5306c638b6070641920b817682574567a81f93f843004b9d6796871775c66bc72c1ce252187fc33a002a0053a9f08085372e69bee1f070c2a7da072cac7203be7e5ea1a84fdc1c1e587f5e6d35d72fa5e10df2b67d7e081a60ac4f39f7b6a300e864249f04ac8946af3e97803c1c9e4a9da987f53440a7bcb39a17f29a05e213dc8bdcb696f2bf80b7ca4b128fdc677a9350349340601f3a78f134a78726ff73ad77d00a8cb785f8f4fdb7e2ebaf826577626a0190b050e0b9e34f21140263a75e858674649b72f2a82d58da24cfdb48447b1b6c21b959e65d2f1dc088927161efd20b3e4138edaebcf26d0ecffa631c4c503ca712ae5363abda5587ce34f37a5d45ca44b9be5b68adeabd14d67af1c71d6533e6a7dc1363f65c0db68f35e22b3fe5463e4f165f5878ab95d916e94da3c1ba293a7b2e9c8ac4b8ab67ece5d57fb8310aeb88f40eb6de07d081b4d890f4be6d89898aba3c0fce8b5e0c3707e8288d18f9f08fe0ae11a93fe1d8ebc8d5175f581bf7687ce060d5f0ce39490584867ff4d2e94423e6f58b516496c21864320c03dd2521d97d0a9a41bf80fcacabab40b0b39c6007cd4eae15c07d13ec5fae6d37d7826112b852ac4a9ecd33798f607a54d8fb8dc06ce8c7289f49c5747a2e35fc81f5f34fc8a714b802df1b470c1c84cb12eda124b27a10a43ff6da7f1ccac3459aeb3c56c81cfe83f6d8a12ad4f3184b5eac0ba0de7e0c29523a9f3fae4dc286531dcc3f0c768d21ba282c5adc9b962a00d358153c7bc7bbbec091eca8ce67392cbdc5944cdf208dd77320d118d8dfc87044e06e7d89ed4759da364a65cf42e4988e840395e97ae5be117a998ba3793780f3b0f4610efc7d69bbbc5ca131a49ac936e1959f7b1341f840e44616606cfc300427be055c1ee8be28f40f7abba93ea8d95d80ec7959bc18384d58301809c040c54c8c38236d4b7ef29a7d39d665ff42c52623a4fc5fe009335d73e373f08fedd39d57659de6f43ce0bd916584dc5436eca6af9f7dac86ddd5e39fdb17fc4abdb322814bb51eb355b18428535f0ee785b968821e83d40dc33a38859263031e03aee3e5449001161f4a30822e8614ffd7e4a6e74e8eb8ac800019dbbe5796459a7b04b5aa216fc73065a4f3fdf8f03677ee998c83028567cab64bfe3131e5bd2e6d1e6d86919aa543d0278c22799258d99b2b6a408a55107bf1f65d429e1f87a3fd51b3d90913053e8341975bfc90edd3904c50e4578b3414ebeddfcc85e62f3fe2effd034f8f6e164c153ff544268aacae014f0171cb06db051ac05a0947f7e705b91ca2c455119f9a492050b78c7f0db22b0b45d551baee723db932a6181ec80c8e30f0fcdd3b70e6521c58444485c0507541a9d954181fd66389eaa57df2b357ad5ad0a5f32debc4fe119146ca31ed3bebc3e19168cbb41983327c24c4dcfa2e83d9e338e5471f0b73b75aa8f59df085d4e9f3295aa0f387fc98d8618e0c64372528672bb83b754aec820b1e51bd6a364b7fc57790996b55f6869b6ee308b89d6d9d7aa50d2e5f8a534dfa1251bd465fed06858cb319d6592e42376a5d40bb735190f99ca54111ebbbd0074f8054e313a9623931ab78762bf436dac11fb5c49125d2be75016bcde18886fc45d925d78512416fd316a40a1a14abf73d4dacd0dcb30fef4d67140ea48d6d6de3369395e68651c20c599ada2d476d0681b447d7070175d6b659bb88f729e52ad5acbce070b1a14c2600a2b1224875003e415551f5783635d60ddefa2e8fc26bb43345afcefd47280af6840d657403818e7944dccc7e28f9c69c663be06a8f004cdd5a0976c89cc066287fe199bf9539be1fa986b188bf694c06a2d29daae2509a42ca0a7a96a907ba59a837fa65acd12385581649077a707285a4accba01144f0a4b6b396f1d47126305b282e72af3898edd524ea86ee505f8c5aae590d21935aead512d37972240e7db1195a8081bdcc82318440aecb26ab3ab4e794fe79f82d1a2e0978f0b213499a3769f938dcb9766b81ebe4fe8d11857dfbd692c3b9785cd28bee32ba07104bba7622ab8b28c1c9032a0066da01a05619ae5fd4fdff6530425b66c856ddd0f3dd0b2b74c593f83f0e03e17fff2d06497b0f79fe03ae883357e729a519c9b516a79617997296cd686fc8b008a0e7b70173f682dba4719eeedeac299828a2182113c0b2874af9d75993ec700474cefec0a097c968503aee7d400e8b48e0af09d2cd3115c7a7096663d251abea959dec2e34bea982bc111a9fcdf4a9c02aecf74ebb540c61d9f6a895c26533c1e0c533e36f6ea6965729efa4b817c1675ae8fcfa65576eca7b6a6ccf55bd09ea43b9372531daab8373cf175fb72b8029e5ab377f9b7634e8533519ddc8dbb022ee8681cc82206684c939a45fa219090c7b3e50b7a7e7af094f013b76184d4fbcf896be960d873e88bf2aae416eda5b66ae278fdb00d0bf63130437122c12d33fa63a3c6cada8ce88fd54b048a6f4272c60b5bb53e3eb0804136b1f411d5656a55abd8308864a018e2c9672eef22d98992ed1d439517a66269761236b233116e94782e5b9fd468138967f9d28a8da1a8967bf89d899e1ce7e0a29d943163187913c5fd24c2d2fa9fb8b5a07fce65ad86bd9c401f5b3cc2a8debb286066710f87830f4a15261ede3a3633e9dd8c8b15ab6367138862419a9e3069b0cd1b329027ce1c661ada6b5cc88de71baab2479880b216a2ebf362273e139d347f4b64b5b4d91cc69d460e0c8c221019c62c9ade2abffccc6c955c8034e51dfd4b96fd3dde198c86b57333dadb43d542ee4bf14858e44dc3d886e4b2e55fa8e8087c14f677d924a9a5a7b22c77771317cc8d9c5b5160c553bb151338f7134088c906498db48cd215141c60606974619f0862aa7af8d1edcb7afeb0d7e686399f049db386d1425b9ea93f98cc71d9e330844656bd471f601bb659fc1324f2387dc2fcaba91f09b76b3e823db2bbe6f912a64ab250536ca7d601a2f1b6bf1fbd0e39396e328d99c4eff8baf04e4db9fade6cf9d31b55cb549e4a3e3f9dddd49ab799deb4dd98e1cfb7f2105cd7e4855c0ab62a6d15b3328bc357adcfecaa6ec9017f4320a1b6d4f720b1c320fc6e928cba85e71447fa3c0b7b1d18c728782ef37b8ac2a9e784ca56e125e2abafb599389b512c09b1fafb75b66fafc5027153395ba3000001e1e7d476b0c21c1eaa502cc4ebed6f8c661ae043d7df6681fa5e40df1d5ede6a15ab80d165420ad987872a8c5abe28d5d7c6acebb01091c2e8255ae5ea17d9b13968ed57990af630ace047874968acf482ac332270bb5050327475a3d6ed9c49cf32a13c90c71698182e2649950926fc61d875d591736bbadd08223c6eceac914c8d61eb136abec19ae6d7bc517ae3386f60406b810a02427ce71ea733bd93d1d390a233275716b2ffd3b6cad6cdbec3aa73dc5db2d11032a81d1a5b4f6e45b2aa67ebbcae3e4f7be405c1228dbe6a55196889adeb41b35a79d13045ee3847761870756cbf589b3b08d8959dbc38c80d05759b2c6e19df58d694e913d6a1486f1553c5e8c1816a9e65f030254f6e55b43f1d94dee049a461245d82e61160eb0717c3c3b7d232e324df4f3a95e9d3dff35dc4086dbfd35e4ffcda9c7d07f52ba47948482dec9c5e67e548f95d2b028dbd00ef0fcdfacf8713fbcdf2188af7e67ec0388ad6a1c3a47cf4a69a3c7125c1b76b70155ed0048572078899bd09a67eb9f87a75a4d94eb59fd7c0131017389e1fa46d500f49cf1ec77516c002455c47609db35f44eb53c2caf8f764fd85a5936cf0bfdbc8559680e6d33f45f0ae780ae9aa1cea0ff5beb5d06f9e94fdae252bfc0f21c1eae8e54f7748c98bc8f0171aa7b5e7177005a4a5d41b29210c097501b403762a34ce72011d4b9b38855e25c29d506a0b99307011812335e98a233697efda3dd92965feb6840d54f0904bf4d487cf14f8ad48f3801f910abe8fca904fbf2b0e703f851f1c0b7a032718dffd2a361f0d1e084f0998739d98b4bd5f3412ac6487706a0a01ab950b922734d5bd1185ec9c74397f9e42214bdfd3e11723032ccd3a1f677f879995682eb837def68b5d7058085f3cb935c2b4c8022cc1eb059619e5ba83518b3e36bb29c35a085030daa4dc4217ecd78eed07e49a3bdf5349389a7aaf03ed7034aa11c3180a4843802af8b86b751896e4af9835859f83afd102303b3ab23306eecf486d925fc4c69d19640c52385966dcf12c7d5ee95a208e791273e8750e116f0d06c4d87cae8666a27f0758c57763de87c26d10ff07f40135c791327903ea116b6ef396ff5786e0d8aff894fdbf7e63f6972eb8c7e253554015674ac7ac775ec59e59c2f78c7907ce4370af5bec13a07570069cdb97136b2b0fb31437110f122f0e0ddce08cca0cf4f15e7171718b66035d0cd8a939fc21204fd740a49d0e1845bed72aefddd0a51b799cbc7c9a932620fba130efe2749c207632dccc36a24be54031b68dc7c7ffb11a63b6edf5089bd8d90243ed6954aafe3c6da470543a2f994564f65db4d7a2ef91d75266ee9813dcdc7e98b004ebc70b861c38bf880814f3d49fc6102fe3f2430e5cd3913e9428f4f8c4e0efcc57eddca6eedbcba095c8008c11506ff80834afc4bff465e227fc4cb757ec381d2fee379582c5d672efbfa0e2a7fac4886683b92fbde87e838789ae42c1f5db0a98de58d55c231ea493117df76e8fb3bfa8d0681e745235db2d95cc6355f43bd0a9bd2726fa9a12f93eb06af53143a648177b70c4a285de48fea39b3a0e3b4248569c1c6d6e93c10bd3aaf9248e9a005956869a42717f6f2aafbc5110b7e995c9671b1a26c194b3b313f4cc152122fe3f6f911bf86a524966dbaa12ad566062dbf0e318e667a8e67a89bb409d3af57c5ff4951d7b54aa60742d68a557493a5fac04d2b9da24008d036580f81f361bff178f5819c9824423011a9d3a038527f9df68a70d286bb3b863549260f3c196440f5354fc729aeb50bcb6f68fc8baae2582f7505ecc319499b4ddb1762115f2032ff51f649fff0b15461f8f1fd6973502869b2248fdf4a72e65c4f784a9b5a8b6ef66a740bf1fc88fc89645829725ea545b88f212c8501da4c13152135640e791404535b52f4aa8d45c2e95d87ced6b34250065ae249910e7c2267149486f0c0a9eb14a942210a602c949f6e5bb655270c468cb18f6a99ad8f6136c139636a5c82aba790aa834788fd0a1e7db07a0c74c601b7f4e03b603639c49e40a5eb5c5d11a9f8173c6f9537a14cb3ce565860c66281525e700040c02c6e25d3ab2ba17267caa7df3362919609b0ebc5e1f8e3e784c0a82a577cd74e6ceb8605c46e3d57863cc25ffe95373eea13929a047ead3e65fbebeac4557ab85b42ac8faf754d5ca8eccea13ac2a392565c959fc256d9fd245265735e3d5c53feef5d089bd6f30bacd3225e71f6b6aa40217a4df41f17f0c75a30195d5dd6d94dfde2ed838523710b2559bde6458af143bdcf318a1c00b70d78c6027d3117931380d73cf337527c9b4b09b7364a895672cb2eac665aca6dae7bfdb8debb1542638b29b93719b895412d45829bf5b0b598416e257599d1d9de8fed6853d8bdb47d802375774db22449ccaf9efc7df6af765091154a98b3ef89833007cbb83bcd120b78f38e79b2b2c9f7ac3392716e7353d74d86a84eb38076d9851462c51b547882c3c190de79eeb20be35f4f30e20c51a43a35a1520f3c46171f8fe58f99e80d627a66f7a2e6e8d01188c8c1c867e09237e48981ee9263253584c6ac960d74b7cac86409a65e3a1ea890cd631ae1c9feb48f19db3e757505fbd2aa58ff5a0dbd8c372c8e521ef051b38728d40692fe40e6dbcf30455c5f7af4bbb900852d39d0e7e5c0b96e8d02839662c59d7e458e7c7a59b4e49d47caf719b5b088a72a5c439577c6f2977f20d9ba66051797cf099dc382c9cddd05bc50a55fd5c7c97d0336d1ba84532f748156a9c3ce43e4e4863ee6938ab246d7e46846cf30693b3f1ac41cf39179dc7e08d2c752bc0cbbe7ead27f7b962cd1b61de1c7fac32d4f7261a37c744c14a9edeac6a273af70366a7e5a766c5471ef75ef66c2b3635676008dbfbe6ee830280ccfb3a14c32c82f048b4cec4a29bef5f215a3eb9db3fbdf5017d9ae962fb0ca8868eb4d180508f209b06f1468457d0b1d3dc0a404c9770eb8b578fd9fdd1958c3be0cdd9ca5f0767c47cbb3cd0e248e6ef44542767d2fffb7dae8df1b91a0b3c816fc5c6733ecb5ec7fcd4acc5df3fd3882d54e50a46f86206bfdb27730c47ab9fd5bf484770dc177de11a008b56688c054c0783a488a9ea4c537d680f4350806424cfc980e2565538c41581f236f4ee7ebbda9da2879072a6d02b8c467e9719020d605cc191a95305af436a9df35fa68734b4ba50ff5abe611b0c563eaf96b213a76f0a534cb639f0b65b7ea8a08a8c286a63a0d206cd8cf49439797ff7e352dffb681fd05631cd2edb5cc6390dbe81d514f34e5cfaf8da5572c75485147ea2f636de1701ab9655a07a729746be3767bcb127830e23b93402667f9f22ad0509195ad4c1b2d12f3edee2de671a9cbf71308182abb323a9f8d022983b6ce4cb2e637c1e44da14cc0ce2a3762de84d9f2d79b23f5b5c564062bd88cf0fe3992906a581a88d60fe8fc7d00ac7624d8156b8589e9ae4e383614ec0dd8ad93cabb95af9a43a5aed5f15b8197f545ed1b98e96b8dd63d76aae5546e3f9eead98b40f9f48cee2624baddc6fef713137d81b29b293673adf5f9dc19ec4a9f9b208c9da68cc376eec66d58a52a1e649c0e7b80f8b740b6a352e3448c6ce8d6838c220d3926dd2cb6f123a7f156203157c3d4a076862e1a8fc5db2bc40633ee38397e46dae412c84164a976cd2357472d9ff3b9fdb10533bc718568e2bb8e3c077fc3c5d73c8eabf5693f7167f846885d4b98ba2e206381872ebb50de9e3efa556b4ace12fdda80897c004442a6a85793c657eac28f61780f409ef55db3e98febfe53243dc4e27cdf552a0ef5501a47ea13267ca38f98d8b0c23b2656483bea3433d383dd20245677e1819c0bdd46b069df61ff9590058c632ef5ac740ee4b8ed0978d13b3ffdef2fb8ca013236c83922d44929c931b2ef5523a224ce3a9d53926c59cb725a8aad366db809b0c0bf0caacf5c51b0ca5f09ff2dc299aefa9974c1fc8d01ad9ddfe0fe993974afe40a026cd71caf378ff08235a08e0dac29f3514884659717b476fc56e6c1974361f412b48041fafe47edfb8e0553854694143e6775a90d0e02996af7ab82de960d01a93a448a29938a10864ad27674868dcfa09a4818c4707c805b08b4539a9874be65f1cbefa63fb51920d61e06227170731e0a3227182fc1ed24017bd8d02b94bc7ff3e505fbd10e3591092fc8fbfbc34a67baade9606c6463140213d1927ccb3cd382c82de3a77778082ccaefb72b1130f15ac2ae9b0b23a888d053b57a485bd80008a50437fd1bc7ce65c832a856595f14d0644b79891cda3f0c02d851455ed852f278c49be1c7531e219b4202d66ee3f4e3c2bfaea880ca9e3dcdf0334e3854a29d536bfa5b1bd6162e6ceabb557df198bb6e674f023e7c20651a4f40175c3608efa10e4a90b13fd355e697cbab363e214acbf3db3539f6c1a84f017eb74be6afc4198a669fb1f7ef2a71ad34a6ad5ab5a0f95dda4528314427b417017d466ba45c4eb419ec3f7a6989a52f9fbe2667cc88e7cc6939af29e726d4b33adcf9945ebb2512c72adb72f902f0b2a16818f0137ed0db2b66c554138cd57c287ded2e06d1aa1fccd037d056d57b77cdf7575a8f61947f595bf23dcc3186bf31e9432907783c9c2419efa0e586e1d1b82910d38e4e5feed45979ae9bff3a106a3548fa3e756be048f1c2a804f9cf9146681501ef9ddb5522946603d3401b99da67c4dfe2a0164be4c0fc82c031a5734fbf2c04363ddfc34057ffc2d8fda57ffff85d9ff13736d19eeedfd74f5cb8f5cc23ccf236899b02e8effc362b7f42e9061262d9dd4b4473b26cdfa2d7eec769ff989f3d614afa3b6ac8a356c4fbf2300e1ed14a58e92e718784d090739e96f9f8e9ef63cfc835c9f4dba555df96fc0582130105271b5ca8d557b2b7f30ffe10bff7505c7dbf05142353ceeec1535189dbfa5a20a1b7821f2e5d60d7b516b098a5f4c1f28441d7e2fff3fcf79e721b8f5417cf7244dda5e8d10deb778b5c3b6e76e2ed12f070b5ea57a1cea5094142e434e9a3067729549cf7beb83daca2a475e65692bb868ed0d456d0c6bf675a54d0910fec2a018ec25a70b731de63edcc28e0d0fa2cbe251ca1156961e47052f440aa377a2bbf522c5b4f2872145af1d818080442f3f07ea1c07229c4c25a3af7a61c767214c4f263d1fb040a90bcf734c85aca3f95e60c701137aea4c8ab375433b54d6eeb5c1af4bbe7082b8b7ca14bf80cd9c13b4b69c34ca64d79d088269f3bd25db557a9bcd99e3514401282b3ff1f7cb334293822f197acdca2b5fa88464077e287b3230b5f9b8606f8dc49b44e1850599034c5e326ede9797a4c9eb639b2c8b3c504365a027a24c067384a8ccc23e9c9337be88c871aa930d72dedaa1bf1f02e4f538fa76dae0ee79bd7c24545caed65ec5fc859111ab5c20ff7108035feabd2174eac42978196687e9730f16ee5f38faff15dcaa1bfd31a254725558f6d4a62fea4114383740b9eecd99e07bdfbb0f3e81ca814257b83e9c490627a1417f64c033ff81592273b4c8d61c0591b2be6f002edba15007e549b0a9f832cdbe5a773a5d5f9a1519b4cb7924b5f791c91cdb9905708a281d3ee90da7d2bb8a348930ce25ae7c0108640b6a3bc5a271a9b6356d68a85c9cc83f87ef65f4730b492e15b21ca0a7bd9fce02016977a6e15ccf8ea3d12ca9b9874f38e606f1244d49a40bfdfc376819854623c756c9a577060dbd15443294d58617beca1373289af8f7e490594860e6b35785ba90f521c76353a80e2bf8e8899e1188e05bdd6b151a8d13549c50d48a75f03ae28aaaa46693bfb6aabd8d8cbc2b10863b5a18b4a4db44972bdfb6dbbbe0285942c5c72edb4b6d1b095a01eca59444c20fce6a9caa92e830fa852b6e300963be1b1c71b906a60cec2c0072bb0f5ef2cd4709f8c6f7fb43a99d616309730f5bedf23034d0885eca1a7fe9f15ca1a97fd0b1af6b56687a450cf832ae03e675bb6924ebb29781585dea59df3a18b77e70c1f5b3dd6b59395564790f69fab08f51e645c37760a1a5044a7dcc1ad687973a8a5aa815aad9b5f9a6f44a41ffb35efdbf2673ef077d37331778b206b54d40298f80b4f294865f7470b39258e1ab772bf37d3f3c1049754f35867162f8438ecddda34f10cf017523069aa4b32ffde183ebfc03e663f4a26f5207fb762a418ad1c0335a921f16a61964c5560163dc9e35184fb001b4202a5b4a00f31397e8e558ece70d4bd42e5044cf98b19ee1d9df4e67f6bcea8849b22e4189fe9a252de82a85327d1c76b0c46af17bb7679b6e6ded32287a3c32007a5f2a40db9f0ddc9ae5b0edff83f8ffbe3d2f61fe591e8111c8e26f6f6b3cd9bb5174cd7ecd09532a51437b3fbf71f356e1bc2aed3f50283da8f2b1f86720980e0e68d9546d8ce6991b98681e63a0d22da903d23c181cd82ad339b63523238c467a0522f228ad76195bb289c0ff4c7c3ece59bdd3111da96977707fcec0310bebcc96b49cc89fcdd878e01fd90143e1a89329f6dc93a8057d31672c8a83eeecbfd497b0866b6dc1b10d08246b70a84a9a0e7ec3f985418fd1dcf706974c4f4105c6d0564a09239d89cd88e28ec9ca4edbcba08c70218807110f121408535b3dd76e95a9d7825da4ea480986d1e6a4e79f309a5c687fe40e004b7e0b3fb19368ed68b00550d76376b88ae63bce0e0823727fbb203537ebe5a30af09e0bce246b197214370ce846f117b398e9c65341463bcc872fb0272f2a71f55a495c39f860bfc4869378b816f5a44ddc23fe6eb16dbfe51dca87cb58c414552c1a520e56571a4c572566ce57dcd554a81549172a3a2a007d2fea25b66a70dac53945a57781157609f038a4ed3a97d287b4e3029382a091c7f19726b87550412966b561e0eaaa1c81080e717233a9e26879f47dcd5a320dc8a8a25a71ef75dc690850a4ff7b8505d46f68f80e25aa27e8364f0a38c8820b67a60bb18d2b4f6961eed3fe114a5d84986bd2edc2724d923142e15bf20c2e3f5f9e5fa7034b1e9e22eaa385122ff6d7a5b650c1d957cf8d593494a4d6251d3389eacf275a07ea460cb3b8d2c92854d6100fb87b020b2efce58e0811c26f2410309391a5eed49d5d97eebf302aa6994835cc6204bc53f06b7248aebd5cb100c9c89a0ee5ba9bd84359f1cac5c8f3a8e2b3295bcf6c715e1cc3191fb00880019bfe4d15c0051cc6656ac33da688d6a08d9d064a9fb76178fab7415c29c27eca638b2896c3b31234d36e062c21f24341d7b161a19b5ad565502a8c126cc9903cd22b5068acc6097cd0ddb7023502defcb39e1c38548455d8431bc6f0b06e84bbe895df987e52e50c5a86b73f9a83bc98907eb24dd12ef53f83021cd23a984d278b8bd15697bde7222520bd425ad41566e5264abd1a2e6667dfe23b5908d7a3238e616e3cb1842d7454eccd8167a1316b314dfebb15637191b4103edcd05a8811594532595c4b80cb1666318ff0c35c19e8db2900446459352ca1e294ecee76f5e575596ceeb8283a72536190d7424065d0d31573d88ea823640e71158eaf1cf1ea2bc4f3d148795b50e4b0d6e028c8478e005241356b9c9ccaec14b5e89f4a5b9fa57ac51d1aa203d9c1a24c19e55cf4d07c1f82b88b6c0812598ffe0f0455034340ea310cdb8f11ec68685ae513deb1e3402d2e1ef0b0ef7eed45cd8d5d4fcb1b92e7abe90c1e5f3d705f72558025d2fc10a8d87c296f2d5873a8a389d38749344f374c2a8e24949ef52f6f3f4c005ca606f03081a37d2f9aa97089094b6d5dea663e64ef62b815aa17e4237167d94dea51ddd15b36ce5b60d4bb2dc0fe76fb9abf06d5484f1a8e65040aed3f329cb780b580646cb87ceade00f8865ea5501aadab187038702a28d4374376eb405ee06ec5e4049305dd1b9bfe701012176e81a401b916e3271759401530f3342325f6b6499ce8d316dd0dd136976374e5c05af3c086596de1f0e463930faf1e47ab1d704be1d5dd7dbc633929a5c0ab051d6634799c5a7e2d2effd7e65a7095127b9ca5d180ab546f695056d9a3c5da7134a70435d7aaa8455c423777585e6ecae022d468e8cb1e7e360cb50332e9d88f7283caca6c55017e2fa0906cccc5dbf166b67c19fc5be92604c6e3cc464f4092b533353d74d9ca3b9b674ca8e594a33b68c6d446c37e3a0349e85ed7f01408d12638e89762722bb21ad14e40eccebe11a5427c04ca2464f0db8ec9d525edb3afc0ee7a7a277900b2474be204da3b4885df2abf4692e55701e09d22567652665bf2842a8c5a229afbef8a2bd597b758a1c7975b8ef12ae150ca8be2d10f0c466c967e2af2da9c0e4dbaf4272d15ddcdb1cc79e81693ac63c01185de33b1a054ed508cf5d3786175a9aa7b81df99448f0be2bcb8bf2de2fc4b90b0f9b438e9876aff4d0513235607990ee34e086eb2a178df5be3257289bcc058785daace12e25450b842133c640a53ccaa411d7051d24beddc48f1616ca1e7dda5da53502bab581f229e600ca3ba0de82fcc109b162898bf0ec3001575e73fc1ef552cc186cab8d4321921e0fd10f1dfe3def7cedd93344a8b2abc3d71f38cd13c19adf6b3ae98a49c8772202fa8cfa7ae857db59482407a97d6186cade1e2f0586fcbd20b7b3dc0c0db6cd0a3355de95c1c90417bd92e261afb37c5b23482e99978da729e731e600eb354628a490388e0b33ca03adba3ac8a75bfe76fc37693aa3cdf57c9fc65cc4f0dd3a8e57e598b7d688fab710e6e8ecbb3c0af2c53b0fb0fd5b27282ba4aacb4f724b3d22c37eff81e3d0ac02856c15af52c9b4e653249f85e3f388439f71903033a681652f2a42f54c002cceeaa942d09bff6653c279c12f1f49337798d9af2fdfd90ebec99d23859bfeb989e10f7f4d15121696e7e0175aadff37de035c681eba0b8f3159db808a74c23198695fe8fb0622d66cfa364686659dbb70f637a7ee2eb68d8ef2665f7e496e06e780d462223b2d1de37fde6ce1f85fcffc555367794ad7eb3b3b8c5d884b08f24061446a4f7141375da562deb8d3cc961f89e46b2d03e90ac48dc0518b664e26cd71468d776e50a0f84440b15dec7470c4ed14ccc2320fba4ec47134c682f8934f4b8b373529353d408c5484cd66d34fba222c93b0e5a4a6beb29e94543eb2ec86f927077d8a66058ff88b9e3e08f4d1e4cae20bf0eab87b538b2e35eba184c14c2b629bb842178461b6d3824f057b6220c89adcdb323c9b689d8b67b4988652e274fcead036380eaa27479ad8c7df28806b7c26a3800b01045063e2e359c2d704f145abc8fc6775be1de6e3cb401d51deb967b1b87d05f99e53f345f02a891cd20482e63bd3e74e5655e8c2de4ad969aa8a96f484e15f0f1d712a3b0ca21ef52d05c517efb6e3679f30eb5b94987f9977e4ff2e22a545b0ad50bd2bfd7cf7fe4ac61dbf7eb36e4b098539b14ff9e16e4161af897bfbf98c9a3a11de98580db28b27424c1b93fd16e4187a1ac39b737b0796f8271d97ab25640a9a3935403f8049ffb937f02f1128cdc00000, 'S, M, L, XL', 4, 1, 1),
(7, '\r\nPolo Puma Rbr Big Logo Tee Urbano Hombre 533268-01', 'Características destacadas\r\nDiseño original .\r\nAcabados profesionales .\r\nElaborados con materiales de primera calidad.\r\nPara todas las temporadas.', '139', NULL, 'S, M, L, XL', 3, 1, 1);

-- --------------------------------------------------------

--
-- Estructura de tabla para la tabla `tipo_us`
--

CREATE TABLE `tipo_us` (
  `id_tipo_us` int(11) NOT NULL,
  `nombre_tipo` varchar(150) NOT NULL
) ENGINE=InnoDB DEFAULT CHARSET=utf8;

--
-- Volcado de datos para la tabla `tipo_us`
--

INSERT INTO `tipo_us` (`id_tipo_us`, `nombre_tipo`) VALUES
(1, 'ADMINISTRADOR'),
(2, 'USUARIO');

-- --------------------------------------------------------

--
-- Estructura de tabla para la tabla `usuario`
--

CREATE TABLE `usuario` (
  `id_usuario` int(11) NOT NULL,
  `nombre_usuario` varchar(150) NOT NULL,
  `correo` varchar(150) NOT NULL,
  `contraseña` varchar(150) NOT NULL,
  `dni` varchar(8) NOT NULL,
  `telefono` varchar(9) NOT NULL,
  `direccion` varchar(150) NOT NULL,
  `tipo_usuario` int(11) NOT NULL
) ENGINE=InnoDB DEFAULT CHARSET=utf8;

--
-- Volcado de datos para la tabla `usuario`
--

INSERT INTO `usuario` (`id_usuario`, `nombre_usuario`, `correo`, `contraseña`, `dni`, `telefono`, `direccion`, `tipo_usuario`) VALUES
(1, 'ADMIN', 'ADMIN@GMAIL.COM', 'ADMIN', '71717171', '987456234', 'Jr. 28 de julio 300', 1),
(2, 'USUARIO', 'USUARIO@GMAIL.COM', 'USUARIO', '56239845', '965234187', 'Jr. Tarapaca 560', 2),
(3, 'MARIO', 'MARIO@GMAIL.COM', '1111', '78235126', '934123765', 'Jr. Aguilar 456', 1),
(4, 'LUCHO', 'LUCHO@GMAIL.COM', 'LUCHO', '76124523', '912543127', 'Jr. Leoncio Prado 600', 2),
(5, 'DOMINGUEZ', 'DOMINGUEZ@GMAIL.COM', 'DOMINGUEZ', '78341623', '945127432', 'Jr. Hermilio Valdizan S/N', 1),
(6, 'JUAN', 'JUAN@GMAIL.COM', 'JUAN', '74267143', '956123543', 'Jr. San Martin 500', 2),
(7, 'ROLANDO', 'ROLANDO@GMAIL.COM', 'ROLANDO', '75162532', '905461543', 'Jr. Las Flores Cuadra 8', 2),
(8, 'CARLOS', 'CARLOS@GMAIL.COM', 'CARLOS', '76142363', '967421387', 'Jr. Progeso S/N', 2);

--
-- Índices para tablas volcadas
--

--
-- Indices de la tabla `categoria_producto`
--
ALTER TABLE `categoria_producto`
  ADD PRIMARY KEY (`id_cat_producto`);

--
-- Indices de la tabla `productos`
--
ALTER TABLE `productos`
  ADD PRIMARY KEY (`id_producto`),
  ADD KEY `categoria` (`categoria`);

--
-- Indices de la tabla `tipo_us`
--
ALTER TABLE `tipo_us`
  ADD PRIMARY KEY (`id_tipo_us`);

--
-- Indices de la tabla `usuario`
--
ALTER TABLE `usuario`
  ADD PRIMARY KEY (`id_usuario`),
  ADD KEY `tipo_usuario` (`tipo_usuario`);

--
-- AUTO_INCREMENT de las tablas volcadas
--

--
-- AUTO_INCREMENT de la tabla `categoria_producto`
--
ALTER TABLE `categoria_producto`
  MODIFY `id_cat_producto` int(11) NOT NULL AUTO_INCREMENT, AUTO_INCREMENT=5;

--
-- AUTO_INCREMENT de la tabla `productos`
--
ALTER TABLE `productos`
  MODIFY `id_producto` int(11) NOT NULL AUTO_INCREMENT, AUTO_INCREMENT=8;

--
-- AUTO_INCREMENT de la tabla `tipo_us`
--
ALTER TABLE `tipo_us`
  MODIFY `id_tipo_us` int(11) NOT NULL AUTO_INCREMENT, AUTO_INCREMENT=3;

--
-- AUTO_INCREMENT de la tabla `usuario`
--
ALTER TABLE `usuario`
  MODIFY `id_usuario` int(11) NOT NULL AUTO_INCREMENT, AUTO_INCREMENT=9;

--
-- Restricciones para tablas volcadas
--

--
-- Filtros para la tabla `productos`
--
ALTER TABLE `productos`
  ADD CONSTRAINT `productos_ibfk_1` FOREIGN KEY (`categoria`) REFERENCES `categoria_producto` (`id_cat_producto`);

--
-- Filtros para la tabla `usuario`
--
ALTER TABLE `usuario`
  ADD CONSTRAINT `usuario_ibfk_1` FOREIGN KEY (`tipo_usuario`) REFERENCES `tipo_us` (`id_tipo_us`);
COMMIT;

/*!40101 SET CHARACTER_SET_CLIENT=@OLD_CHARACTER_SET_CLIENT */;
/*!40101 SET CHARACTER_SET_RESULTS=@OLD_CHARACTER_SET_RESULTS */;
/*!40101 SET COLLATION_CONNECTION=@OLD_COLLATION_CONNECTION */;
